代號,證券商名稱,地址
1020,合庫,台北市大安區忠孝東路四段325號2樓
1021,合庫-台中,台中市西區民權路91號6樓
1022,合庫-台南,台南市北區成功路48號3樓
1023,合庫-高雄,高雄市大勇路97號5樓
1024,合庫-嘉義,嘉義市國華街279號2樓
1025,合庫-基隆,基隆市仁二路255號3樓
1028,合庫-彰化,彰化縣彰化市民生路279號5樓
1029,合庫-鳳松,高雄市鳳山區鳳松路3號
102A,合庫-竹塹,新竹市東區東門街60號5樓
102C,合庫-自強,台北市中山區南京東路2段85、87號3樓
102E,合庫-東桃園,桃園縣桃園市中華路12號3樓
1030,土銀,台北市延平南路八十一號
1031,土銀-台中,台中市自由路2段1號4樓
1032,土銀-台南,台南市中正路26號4樓
1033,土銀-高雄,高雄市大勇路131號
1034,土銀-嘉義,嘉義市中山路309號3樓
1035,土銀-新竹,新竹市中央路1號4、5樓
1036,土銀-玉里,花蓮縣玉里鎮中山路二段五十五號一、二樓
1037,土銀-花蓮,花蓮縣花蓮市中山路356號3樓
1038,土銀-和平,台北市和平東路3段15號3樓部分
1039,土銀-士林,台北市中山北路五段六八九號三樓
103A,土銀-建國,高雄市建國一路458號3樓
103B,土銀-彰化,彰化市光復路九十八號六樓
103C,土銀-白河,台南縣白河鎮三民路三九五號三樓
103F,土銀-南港,台北市南港區南港路1段364號5樓
1040,臺銀證券,台北市重慶南路1段58號4樓、5樓部分
1041,臺銀-鳳山,鳳山市曹公路20號3樓
1042,臺銀-臺南,台南市中正路240號4樓
1043,臺銀-民權,台北市承德路2段239號3樓
1045,臺銀-新竹,新竹市林森路29號5樓
104A,臺銀-臺中,台中市民權路95號3樓
104C,臺銀-高雄,高雄市苓雅區成功一路261號3樓
104D,臺銀-金山,台北市金山南路2段189號3樓
1110,台灣企銀,台北市塔城街30號4樓
1111,台灣企銀-台中,台中市中正路二二四號二、三樓
1112,台灣企銀-台南,台南市中正路一八五號四樓
1113,台灣企銀-九如,高雄市三民區九如二路255號3樓
1114,台灣企銀-嘉義,嘉義市光華路一三二號
1115,台灣企銀-太平,台中縣太平市中興里二鄰中興東路二十七號
1116,台灣企銀-屏東,屏東市漢口街七號
1117,台灣企銀-竹北,新竹縣竹北市斗崙里縣政九路一二八號三樓
1118,台灣企銀-豐原,台中市豐原區豐西里三豐路一號四樓
1119,台灣企銀-岡山,高雄縣岡山鎮岡山路412號4樓
111A,台灣企銀-民雄,嘉義縣民雄鄉建國路三段八十三號三樓
111B,台灣企銀-建成,台北市南京西路七十六號二樓
111C,台灣企銀-三民,高雄市六合二路1號2樓
111E,臺灣企銀-桃園,桃園市中華路99號3樓
111F,台灣企銀-北高雄,高雄市復興一路九十號三樓
111G,臺灣企銀-埔墘,台北縣板橋市中山路2段62號2樓之2
1230,彰銀,台北市衡陽路68號2、3樓
1232,彰銀-七賢,高雄市忠孝一路456號3樓
1233,彰銀-台中,台中市南區復興路二段七十八號三樓
1260,宏遠,台北市信義路4段236號3樓部分(略)
1261,宏遠-民生,台北市松山區民生東路5段171之1號及171之2號
1262,宏遠-桃園,桃園市中正路1125號3樓
126D,宏遠-台南,台南市中西區忠義路2段69號3樓及5樓之1、5樓之2
126H,宏遠-中和,新北市中和區民樂路23號1樓及地下1樓
126L,宏遠-台中,台中市文心路1段521號7樓之6
126Q,宏遠-高雄,高雄市中正二路175號4樓
126U,宏遠-館前,台北市中正區開封街1段2號2樓及6樓之7、6樓之9
126X,宏遠-新竹,新竹縣竹北市光明六路東一段296號(略)
1360,港商麥格理,台北市復興南路1段2號5樓及5樓之1
1380,東方匯理,台北市敦化南路二段95號27樓
1440,美林,台北市敦化南路2段207號9樓部分、17樓部分
1470,台灣摩根士丹利,台北市敦化南路2段207號22樓
1480,美商高盛,台北市敦化南路2段207號11樓
1560,港商野村,台北市松智路1號17樓部分
1570,港商法國興業,台北市民生東路3段109號6樓部分
1590,花旗環球,台北市信義區松智路１號14樓(部分)及15樓(部分)
1650,新加坡商瑞銀,台北市松仁路7號5樓部分
2180,亞東,台北市重慶南路1段86號2、3、4、5樓
2181,亞東-板橋,台北縣板橋市南雅南路二段一七０號一樓
2184,亞東-新竹,新竹市光復路1段472號2樓
2185,亞東-台南,台南市林森路1段395號4樓
2186,亞東-高雄,高雄市前鎮區中山二路260號3樓
2187,亞東-台中,台中市自由路2段131號2~3樓
5050,大展,台北市承德路1段17號17樓、17樓之1、之2、之3
5260,大慶,台北市民生東路2段174、176號3樓(略)
5261,大慶-蘆洲,新北市蘆洲區中山一路161號地下一樓
5262,大慶-楊梅,桃園縣楊梅鎮新成路208號1樓
5263,大慶-泰山,"台北縣泰山鄉明志路１段２０５號５樓之１,之２"
5264,大慶-高雄,高雄市中華四路159號4樓之1
5265,大慶-苗栗,苗栗縣苗栗市建民街60號4F
5266,大慶-中壢,桃園縣平鎮市環南路18號地下1層之1之3之4
5267,大慶-基隆,基隆市義一路18號5樓
5268,大慶-台南,台南市成功路518號3樓之1、之2
5269,大慶-台中,台中市崇德路2段130號地下1樓
526A,大慶-中和,台北縣中和市景新街338號3樓
526K,大慶-富順,新北市三重區自強路一段73號3樓
5320,高橋,桃園縣中壢市中和路92.94.96.98號
5321,高橋-龍潭,"桃園縣龍潭鄉中正村龍華路130,132號(略)"
5322,高橋-中壢,桃園縣中壢市中山路二二八巷十八號一至五樓(略)
5323,高橋-內壢,"桃園縣中壢市忠孝路159,161號1,2樓(略)"
5380,第一金,台北市中山區長安東路一段22號4樓
5381,第一金-員林,彰化縣員林鎮大同路1段338號7樓
5382,第一金-台中,台中市向上路1段110號1、2樓
5383,第一金-高雄,高雄市苓雅區中正一路120號2樓及10樓之1
5384,第一金-台南,台南市大同路1段98號2樓(部份)
5385,第一金-桃園,桃園縣桃園市民族路55號3樓
5386,第一金-彰化,彰化縣彰化市和平路48號3樓
5387,第一金-澎湖,澎湖縣馬公市光復路88號3、4樓
5389,第一金-中山,台北市中山區中山北路2段61號4樓
538A,第一金-新興,高雄市中正四路17號3樓、4樓部分
538B,第一金-新竹,新竹市英明街3號3樓
538C,第一金-光復,台北市光復北路16號2樓及3樓部分
538D,第一金-忠孝,台北市忠孝東路2段88號3、4樓
538E,第一金-自由,台中市自由路1段144號7樓
538F,第一金-大稻埕,台北市迪化街1段63號3樓
538I,第一金-頭份,苗栗縣頭份鎮中正路67號2樓
538M,第一金-嘉義,嘉義市中山路307號3樓
538N,第一金-豐原,台中市豐原區中山路423號3樓
538P,第一金-路竹,高雄市路竹區中山路1187號2樓
538W,第一金-華江,新北市板橋區文化路1段329號2樓(略)
538Y,第一金-中壢,桃園縣中壢市中央西路2段30號2樓
5460,寶盛,台中市北屯區北興街43號1樓、2樓
5600,永興,台北市南海路20號2樓、3樓部分
5602,永興-水湳,台中市北屯區中清路二段578號一樓、二樓
5603,永興-台中,台中市三民路3段265號之1一、二樓(略)
5604,永興-大墩,台中市南屯區大墩路754、756號1、2樓
5660,日進,苗栗縣苗栗市中正路426號4F
5850,統一,台北市東興路8號1樓部分、2樓部分、3樓部分
5851,統一-高雄,高雄市中正三路55號5樓
5852,統一-敦南,台北市敦化南路2段105號6樓
5853,統一-中壢,"桃園縣中壢市中美路51號1,2,3樓及地下室"
5854,統一-城中,台北市博愛路80號2樓、4樓之1、4樓
5855,統一-台南,台南市中山路八十八號三樓
5856,統一-台中,台中市五權西路一段二五七號三樓
5857,統一-新竹,新竹市北大路307號2樓
5858,統一-嘉義,嘉義市林森西路153號3、4樓部份
5859,統一-屏東,屏東縣屏東市濟南街10-1號
585A,統一-基隆,基隆市仁愛區仁三路11號2樓
585B,統一-永和,新北市永和區福和路389號3樓
585D,統一-新台中,台中市西屯區文心路2段201號8樓(略)
585E,統一-新營,台南市新營區中山路113號4樓
585F,統一-彰化,彰化縣彰化市華山路37號6樓
585H,統一-桃園,桃園縣桃園市成功路1段32號10樓
585I,統一-員林,彰化縣員林鎮靜修路12號2樓
585J,統一-三重,新北市三重區重新路4段12號4樓
585M,統一士林,台北市士林區承德路4段83號3樓(略)
585P,統一-板橋,新北市板橋區府中路二十九之二號八樓
585Q,統一-三多,高雄市苓雅區四維四路7號6樓
585R,統一-汐止,新北市汐止區中興路160號5樓(略)
585S,統一-宜蘭,宜蘭縣宜蘭市中山路3段152號2樓
585U,統一-南京,台北市南京東路三段二四八號二樓、二樓之一部分
585W,統一-金門,金門縣金城鎮民權路160號1樓(略)
585Y,統一-土城,新北市土城區裕民路149號2樓、2樓之1
585Z,統一-松江,台北市松江路127之1號5樓、6樓
585b,統一-內湖,台北市內湖路1段575號3樓
585c,統一-仁愛,台北市安和路1段29號2樓
5860,盈溢,高雄市新興區七賢二路38號
5861,盈溢-籬子內,高雄市前鎮區瑞北路44號1樓
5862,盈溢-楠梓,高雄市楠梓區楠都東街181號地下室
5920,元富,台北市復興南路1段209號1、2、3樓
5921,元富-高雄,高雄市九如二路548號2、3樓
5922,元富-新店,新北市新店區中興路3段134號地下一樓
5923,元富-三重,新北市三重區重新路2段21號3樓
5925,元富-台中,台中市五權西路一段二三七號二樓
5927,元富-林園,高雄縣林園鄉沿海路3段2號2樓、5樓
5928,元富-新莊,新北市新莊區新泰路368號1、2樓
5929,元富-台南,台南市忠義路2段47號3.4.5(營業廳設於3F)
592A,元富-緯城,高雄市博愛一路391號8樓及11樓(營業廳設於8F)
592B,元富-永和,新北市永和區民有街1號2樓
592C,元富-潮州,"屏東縣潮州鎮新生路8號1,2樓(略)"
592D,元富-大昌,高雄市三民區九如一路502號地下一層
592E,元富-城中,台北市承德路一段十七號地下一樓
592G,元富-新竹,新竹市信義街68號7樓之1、7樓之2
592H,元富-信義,台北市信義路2段101號2樓
592I,元富-嘉義,嘉義市垂楊路316號3樓之1、2；4樓之1、2
592L,元富-中壢,桃園縣中壢市元化路226號3樓
592M,元富-彰化,彰化市彰美路1段186號6F
592N,元富-虎尾,雲林縣虎尾鎮中正路15號三.四樓
592P,元富-同大,高雄市岡山區岡山路四三四號三樓
592Q,元富-敦南,台北市忠孝東路4段212號3樓、3樓之1
592S,元富-基隆,基隆市愛四路60號4、5樓
592U,元富-宜蘭,宜蘭縣宜蘭市舊城北路23號
592W,元富-吉利,台北市承德路7段348號1樓、地下1樓
592X,元富-草屯,南投縣草屯鎮和興街92號92之1號1(略)
592Y,元富-埔里,南投縣埔里鎮南昌街231號2樓
592Z,元富-安南,台南市安中路二段三００號八樓
592a,元富-松德,台北市松德路16號地下1樓
592b,元富-板橋,新北市板橋區三民路1段216號9樓
592c,元富-烏日,台中縣烏日鄉三民街179號4樓
592g,元富-中原,台中市潭子區中山路2段281號3樓
592i,元富-中港,台中市清水區中山路196號5、6樓
592l,元富-大裕,台中市台中路504號
592m,元富-成功,台南市成功路四五七號三樓、四樓
592n,元富-西松,台北市南京東路5段108號3樓
592o,元富-新興,高雄市新興區七賢一路251號2樓
592q,元富-屏東,屏東市中正路一二三號二樓
592r,元富-城東,台北市中山區南京東路二段一二三號一樓(略)
592u,元富-世貿,台北市信義路4段456號地下1樓
592v,元富-桃園,桃園縣桃園市成功路2段1號2樓
592w,元富-佳里,台南市佳里區和平街83號4樓、5樓
592y,元富-花蓮,花蓮市民國路167號
592z,元富-文心,台中市文心路2段645號2樓及4樓之2
5960,日茂,南投縣草屯鎮草溪路1020號2樓(略)
5961,日茂-埔里,南投縣埔里鎮西安路一段299號B1.1F.2F.
5962,日茂-南投,南投縣南投市三和二路11號4、5樓
6010,犇亞證券,台北市復興北路99號3樓、6樓及6樓之1
6012,犇亞-網路,台北市松山區復興北路99號4樓之3
6110,台中商銀,台中市民族路45號1、2樓
6114,台中商銀-員林,彰化縣員林鎮中正路462號3樓
6115,台中商銀-台北,台北市忠孝東路一段85號4樓之1及4樓之3
6116,台中商銀-中壢,桃園縣中壢市中美路一段18號2樓
6160,中國信託,台北市南港區經貿二路168號3樓
6161,中國信託-三重,新北市三重區重陽路一段66號2樓
6162,中國信託-忠孝,台北市中正區忠孝西路一段6號4樓
6163,中國信託-永康,台南縣永康市中華路425號2樓部分
6164,中國信託-文心,台中市北屯區文心路四段八七五號三樓部分
6165,中國信託-新竹,新竹市民族路139號2樓
6167,中國信託-松江,台北市中山區松江路220號3樓之1
6168,中國信託-嘉義,嘉義市西區文化路169號4樓
616K,中國信託-高雄,高雄市前金區中正四路168號6樓之1
6210,新百王,高雄市前金區中華三路11號5樓及地下一樓
6380,光和,彰化縣北斗鎮光復路166號3、4樓
6381,光和-溪湖,彰化縣溪湖鎮文東街9號1、2樓
6382,光和-田中,彰化縣田中鎮南北街80號3樓
6383,光和-和美,彰化縣和美鎮彰美路五段二五六號三樓
6385,光和-花壇,彰化縣花壇鄉花壇村花壇街273號5樓
6450,永全,桃園縣桃園市縣府路82號1至7樓
6451,永全-南崁,桃園縣蘆竹鄉光明路一段一００號(略)
6452,永全-八德,桃園縣八德市介壽路一段655號1至4樓
6460,大昌,台北縣板橋市東門街30之2號2樓之1(略)
6461,大昌-樹林,台北縣樹林市復興路11號1、2樓(略)
6462,大昌-安康,台北縣新店市安德街70號1、2樓(略)
6463,大昌-新竹,新竹市大同路130號3樓(略)
6464,大昌-新店,台北縣新店市北新路2段108號3樓
6465,大昌-桃園,桃園縣桃園市經國路126號2樓及128號2樓
6480,福邦,台北市南京東路1段52號2樓
6620,全泰,桃園縣桃園市三民路3段317號3、4樓
6910,德信,台北市新生南路一段五十號三樓
6912,德信-中正,台中市中正路四七八號五樓、六樓
6913,德信-新營,台南縣新營市新進路2段109號3樓
6915,德信-和平,台北市和平東路3段208之1號、212巷2號2樓
6950,福勝,台北縣淡水鎮中正路六十三號三、四、五樓
7000,兆豐,台北市忠孝東路2段95號(略)
7001,兆豐-嘉義,嘉義市文化路259號3樓及4樓部分
7003,兆豐-台中,台中市五權西路一段257號7樓部份
7005,兆豐-台中港,台中縣沙鹿鎮沙田路107號2樓
7006,兆豐-台南,台南市忠義路2段14號4、5樓
7007,兆豐-竹北,新竹縣竹北市三民路18、20、22、24號(略)
7008,兆豐-三重,台北縣三重市正義北路195號3樓
7009,兆豐-景美,台北市文山區景中街1號3樓
700B,兆豐-板橋,台北縣板橋市文化路1段268號2樓之1
700C,兆豐-來福,雲林縣斗六市民生路156號8樓
700D,兆豐-西螺,雲林縣西螺鎮中山路127號3樓
700F,兆豐-虎尾,雲林縣虎尾鎮公安路133號4樓
700G,兆豐-麻豆,台南縣麻豆鎮興中路127號3樓
700H,兆豐-東門,台北市金山南路2段33號2樓
700I,兆豐-北高雄,高雄市中正四路235號2樓之1
700J,兆豐-公益,台中市西區館前路55號1樓
700K,兆豐-新營,台南市新營區中營里中山路116號
700L,兆豐-天母,台北市中山北路6段126號3樓部分
700M,兆豐-桃園,桃園縣桃園市成功路2段2號2樓
700N,兆豐-埔墘,台北縣板橋市三民路1段216號2樓
700P,兆豐-南京,台北市南京東路3段65號3樓
700R,兆豐-小港,高雄市小港區漢民路381號2樓
700S,兆豐-大同,台北市民生西路286號3樓
700U,兆豐-桃鶯,桃園縣桃園市桃鶯路343號3、4樓
700V,兆豐-新竹,新竹市中正路129號3樓
700W,兆豐-城中,台北市重慶南路1段2號2樓〈部分〉
700X,兆豐-永和,台北縣永和市保生路1號6樓之1
700Z,兆豐-高雄,高雄市新光路36號1樓
700a,兆豐-忠孝,台北市忠孝東路4段563號3樓、565號4樓
700b,兆豐-中壢,桃園縣中壢市中山路142號8樓、146號8樓
700c,兆豐-民生,台北市民生東路3段128號3樓之2
700d,兆豐-彰化,彰化縣彰化市和平路57號6樓
700f,兆豐-鹿港,彰化縣鹿港鎮彰鹿路8段59號
700g,兆豐-南門,台北市羅斯福路2段9號2樓(部分)
700h,兆豐-三民,高雄市大順二路41號2樓
700i,兆豐-松德,台北市信義區忠孝東路5段510號3樓(略)
700j,兆豐-大安,台北市信義路3段182號3樓、4樓
700k,兆豐-員林,彰化縣員林鎮中山路1段753號3樓
700p,兆豐-復興,台北市復興北路99號8樓之1
700q,兆豐-內湖,台北市內湖區成功路4段166號5樓
700r,兆豐-寶成,台中市西屯區台灣大道4段600號3樓
700s,兆豐-岡山,高雄縣岡山鎮中山北路28號3樓(部分)
700w,兆豐-新莊,台北縣新莊市思源路427號2樓
7030,致和,台南市西門路3段10號地下1樓、1、2、3、4、7樓
7031,致和-台北,台北市信義路4段96號2樓
7032,致和-佳里,台南縣佳里鎮建南里九鄰光復路一四八號
7033,致和-府前,台南市府前路1段141號2、3樓
7034,致和-金華,台南市金華路二段一七二號地下一樓
7035,致和-東門,台北市信義路二段二一三號二樓
7036,致和-高雄,高雄市光華一路148之83號1、2樓
7038,致和-南京,台北市南京東路五段一八八號四樓
703B,致和-崇德,台南市東區中華東路3段242號1、2、3樓
7080,石橋,桃園縣平鎮市環南路一八四號一樓(略)
7750,北城,新北市永和區永和路2段116號3樓
7790,國票,台北市重慶北路3段199號地下1樓及6樓部分(略)
7791,國票-台東,台東縣台東市中華路一段三九七號二樓及三樓部分
7792,國票-北投,台北市北投區北投路2段13號2樓
7795,國票-南港,台北市南港區興中路12巷25號地下1樓
7797,國票-中正,高雄市前金區中正四路211號1樓
7798,國票-內壢,桃園縣中壢市興農路125號3、4樓
779D,國票-台南,台南市成功路114號5樓
779E,國票-南崁,桃園縣蘆竹鄉中正路二九五號三樓之一及三樓之二
779G,國票-新莊,新北市新莊區中華路1段16號地下1層
779H,國票-嘉義,嘉義市垂楊路508號3、4樓
779J,國票-北高雄,高雄市左營區立文路77號2樓
779P,國票-九鼎,台中市北屯路二四五號一樓(略)
779V,國票-天祥,高雄市三民區天祥一路148號
779W,國票-彰化,彰化縣彰化市金馬路三段六五六號一樓
779X,國票-中和,台北縣中和市信義街43號3樓
779Z,國票-安和,台北市大安區信義路四段382號3樓、4樓
779c,國票-敦北,台北市松山區南京東路三段346號2樓
779e,國票-新化,台南縣新化鎮中山路二四三之一號二、三樓
779j,國票-和平,高雄市苓雅區和平一路87號1樓
779m,國票-中港,台中市西區台中港路一段一二號五樓
779n,國票-南京,台北市松山區南京東路五段188號8樓之9
779r,國票-桃園,桃園縣桃園市中正路133號5樓
779u,國票-長城,台北市仁愛路4段85號2樓
779v,國票-台中,台中市西屯區市政北一路1號7樓
779z,國票-博愛,台北市博愛路38號2樓
8150,台新,台北市中山北路二段44號2樓
815A,台新-高雄,高雄市中山二路260號三樓之一
815B,台新-台中,台中市東興路二段187號3樓
8380,安泰,"高雄縣鳳山市五福二路36號1,2樓"
8381,安泰-大發,高雄市大寮區力行路105號
8382,安泰-楠梓,高雄市楠梓區興楠路285號1樓
8440,摩根大通,台北市信義路5段106號3樓部分
8450,康和,台北市信義區基隆路1段176號地下1樓部分、2樓
8451,康和-延平,台北市南京西路406號5樓
8455,康和-台中,台中市西屯區華美西街二段311號2樓(略)
8456,康和-新竹,新竹市四維路130號2樓之1
8458,康和-台南,台南市康樂街156號2樓
8459,康和-嘉義,嘉義市興業西路121號1樓及123號2樓
845A,康和-內湖,台北市文德路104號1、2樓及106號1、2樓
845B,康和-永和,台北縣永和市得和路104巷24號2樓(略)
845D,康和-板橋,台北縣板橋市三民路1段210號3樓
845E,康和-澎湖,澎湖縣馬公市大仁街9號2樓
845F,康和-仁愛,台北市仁愛路4段85號5樓
845J,康和-高雄,高雄市新興區中正三路55號17樓之1、2、3、4
845R,康和-石牌,台北市石牌路1段82號1、2樓
845S,康和-南崁,桃園縣蘆竹鄉南崁路66號、68號及66-1號、68-1號
845U,康和-台北,台北市松山區復興北路143號3樓、4樓
845X,康和-屏東,屏東市中正路123號5樓部分
8490,萬泰,嘉義市新榮路193號2樓、3樓部分
8520,中農,台中縣梧棲鎮四維中路157巷1號2、3、4樓
8560,新光,台北市重慶南路1段66之1號5樓
8561,新光-台中,台中市五權西路1段118號
8562,新光-高雄,高雄市苓雅區中華四路35、37號
8563,新光-新竹,新竹縣竹北市光明六路東1段238號(略)
8564,新光-台南,台南市東區東門路2段262號
8580,聯邦商銀,台北市南京東路2段137號2樓
8581,聯邦-高雄,高雄市苓雅區光華一路208號之1、208號2樓
8582,聯邦-嘉義,嘉義縣嘉義市中山路二八五之一號五樓(略)
8583,聯邦-敦化,台北市敦化南路一段209之1號及205號地下一樓
8584,聯邦-雙和,台北縣永和市中正路222號2樓
8585,聯邦-三重,台北縣三重市重新路3段10號4樓
8710,陽信,台北市民生東路5段165號地下之2
8711,陽信-石牌,台北市北投區石牌路1段88號1樓
8840,玉山,台北市松山區民生東路3段117號地下1樓
8841,玉山-雙和,台北縣永和市永和路1段69號1樓、2樓
8842,玉山-新莊,新北市新莊區中華路2段65號1樓、2樓
8843,玉山-高雄,高雄市九如一路156號1樓
8846,玉山-土城,台北縣土城市裕民路116號2樓
8847,玉山-台南,台南市崇學路138號3樓、4樓、5樓
8848,玉山-嘉義,嘉義市中山路294號1樓、2樓、3樓
8849,玉山-台大,台北市羅斯福路4段60號2樓、2樓之1
884A,玉山-士林,台北市士林區中正路266、266之1、266之2號
884B,玉山-台中,台中市府會園道179號13樓
884C,玉山-南京東路,台北市松山區南京東路5段89號地下一樓
884D,玉山-左營,高雄市左營區博愛二路576號地下一樓
884E,玉山-城中,台北市武昌街1段77號3樓
884F,玉山-桃園,桃園縣桃園市信光路125號3樓.4樓
884H,玉山-新竹,新竹市光復路一段569號3樓、4樓
884J,玉山-大里,台中市大里區國光路二段407號3樓
8880,國泰,台北市敦化南路2段333號19樓部分(略)
8881,國泰-高雄,高雄市新興區中正三路55號3樓部分、9樓之3
8882,國泰-台中,台中市西區中華路一段35號2樓﹝部份﹞
8883,國泰-松江,台北市中山區松江路136號3樓(部分)
8884,國泰-台南,台南市民生路1段62號3樓（部分）
8885,國泰-桃園,桃園縣桃園市中正路1125號2樓(部分)
8886,國泰-新莊,新北市新莊區中正路387號12樓
8887,國泰-忠孝,台北市忠孝東路4段293號6樓之1
8888,國泰-敦南,台北市敦化南路二段218號5樓之1
888A,國泰-館前,台北市中正區館前路65號5樓部分
888K,國泰-板橋,台北縣板橋市三民路1段216號4樓部分
8890,大和國泰,台北市基隆路1段200號13樓之1(略)
8900,法銀巴黎,台北市信義路5段7號72樓(部分)
8960,香港上海匯豐,台北市信義區基隆路一段333號13樓部分
9100,群益金鼎,台北市松仁路101號4樓、97號14樓之2、97號4樓
9101,群益金鼎-敦南,台北市敦化南路2段97號地下之1、地下之2
9103,群益金鼎-松山,台北市南京東路4段130號11樓、11樓之1
9105,群益金鼎-高盛,高雄市中山二路505號1樓、2樓、地下1樓
9108,群益金鼎-海山,新北市板橋區東門街30之2號2樓(略)
910D,群益金鼎-大興,台北市忠孝東路4段270號6樓、11樓之3
9131,群益金鼎-民權,台中市民權路91號4、5樓
9134,群益金鼎-開元,台南市開元路280號3樓之1~2、4樓之1~2
9135,群益金鼎-經國,新竹市經國路2段62號3樓
9136,群益金鼎-西松,台北市南京東路5段213號3樓
9137,群益金鼎-士林,台北市中正路118-1號地下1樓(略)
9138,群益金鼎-中港,台中市梧棲區大仁路二段369號1、2樓
913D,群益金鼎-潭子,台中市潭子區潭陽里潭子街2段65巷13號1-3樓
913E,群益金鼎-基隆,基隆市信一路150號4樓
913H,群益金鼎-屏東,屏東縣屏東市永福路9號3樓、4樓
913I,群益金鼎-萬華,台北市西園路2段203號地下1樓
913N,群益金鼎-土城,新北市土城區中央路1段261號1樓
913R,群益金鼎-五福,高雄市大勇路85號6樓
913U,群益金鼎-崇德,台中市崇德路2段416號地下1樓-1
913Y,群益金鼎-館前,台北市館前路49號5樓
913g,群益金鼎-南三重,新北市三重區正義南路91、93、95、97、99號1樓
9183,群益金鼎-高雄,高雄市河東路165號1、2樓
9184,群益金鼎-台中,台中市忠明南路40號1、2樓、42號地下1樓
9185,群益金鼎-台南,台南市中西區民生路2段76號3樓(部份)及3樓之1
9186,群益金鼎-新竹,新竹市北大路307號5樓及6樓之3及6樓之2部分
9187,群益金鼎-彰化,彰化縣彰化市民生路279號6樓
9188,群益金鼎-三民,高雄市陽明路169號1樓
9189,群益金鼎-桃園,桃園縣桃園市中正路133號7樓
918A,群益金鼎-中壢,桃園縣中壢市中山路88號3樓
918B,群益金鼎-板橋,新北市板橋區三民路1段216號3樓
918C,群益金鼎-古亭,台北市和平西路1段3號2樓、2樓之1
918D,群益金鼎-東門,台南市北門路1段97號3、4樓及10樓之6
918E,群益金鼎-南京,台北市南京東路2段71號9樓
918F,群益金鼎-新店,新北市新店區北新路2段252號2樓之4(略)
918G,群益金鼎-新莊,新北市新莊區中華路2段160號1、2樓
918H,群益金鼎-中山,台北市林森北路372號2樓
918J,群益金鼎-永和,新北市永和區福和路353號2樓
918K,群益金鼎-東湖,台北市內湖區成功路5段460號8樓
918L,群益金鼎-建成,台中市東區建成路735號2樓及3樓
918M,群益金鼎-嘉義,嘉義市垂楊路87號1樓、89號2樓之2及3樓之1
918P,群益金鼎-天母,台北市中山北路7段18號3樓之1、之2
918W,群益金鼎-忠孝,台北市忠孝東路4段87號15樓
918X,群益金鼎-台北,台北市重慶北路1段30號4樓
918c,群益金鼎-鳳山,高雄市鳳山區中山西路203號2、3樓
918d,群益金鼎-內湖,台北市內湖區成功路4段50號6樓
918e,群益金鼎-大安,台北市忠孝東路4段87號7樓
918g,群益金鼎-大甲,台中市大甲區蔣公路295號2樓
918i,群益金鼎-竹南,苗栗縣竹南鎮民族街87號5樓及6樓
918s,群益金鼎-丹鳳,新北市新莊區富國路16號1樓、2樓及22巷6號1樓
918u,群益金鼎-瑞豐,高雄市苓雅區三多一路174號2樓
918x,群益金鼎-延平,台北市延平北路2段96號3樓
918z,群益金鼎-宜蘭,宜蘭縣宜蘭市中山路3段45號、47號2樓、3樓
9200,凱基,台北市明水路698號3樓
9202,凱基-中港,台中市中正路478號8樓
9204,凱基-台中,台中市民族路50號5樓
9205,凱基-三重,新北市三重區正義北路206號、208號3、4樓
9206,凱基-高雄,高雄市中正二路74號4樓(略)
9207,凱基-永和,新北市永和區中正路588號5樓
9208,凱基-桃園成功,桃園縣桃園市成功路1段32號14樓
9209,凱基-岡山,高雄市岡山區公園東路47號
920A,凱基-板橋,新北市板橋區四川路1段107號2樓
920C,凱基-雙和,新北市中和區中和路232號3樓
920D,凱基-市府,台北市忠孝東路4段563號7樓、7樓之1、565號7樓
920E,凱基-東門,台南市東區東門路2段160號2樓
920F,凱基-站前,台北市許昌街17號3樓及3樓之1
920G,凱基-卦山,彰化市中山路2段353號1、2樓
920H,凱基-基隆,基隆市仁一路259號3樓、4樓
920M,凱基-宜蘭,宜蘭市光復路48號2、3樓
920N,凱基-湖口,新竹縣湖口鄉達生路15號2樓
920V,凱基-新店,新北市新店區北新路3段106號1、2樓及106之1號
920W,凱基-大里,台中市大里區中興路2段127號2、4樓
920Z,凱基-台東,台東縣台東市中山路248號1、2、3樓
9211,凱基-台南,台南市林森路1段395號3樓
9212,凱基-東港,屏東縣東港鎮中山路2號1-3樓
9215,凱基-三民,高雄市九如二路366號3樓
9216,凱基-信義,台北市復興北路167號14樓之1、之2、之3
9217,凱基-松山,台北市八德路4段678號2樓之1及3樓
9218,凱基-大直,"台北市明水路591號,591之1號(略)"
921C,凱基-民權,台北市復興北路420號4樓
921E,凱基-三峽,新北市三峽區文化路59號3樓之1
921F,凱基-天母,台北市中山北路7段18號4樓之3
921G,凱基-五股,新北市五股區中興路4段40號1樓、2樓
921J,凱基-土城,新北市土城區金城路3段182號
921M,凱基-八德,桃園縣八德市介壽路2段137號3樓
921S,凱基-幸福,新北市新莊區中華路2段5號3樓
921Y,凱基-東勢,台中市東勢區豐勢路297號4樓
9223,凱基-豐中,台中市豐原區豐中路13號7樓
9225,凱基-內埔,屏東縣內埔鄉平昌街5號1樓
9226,凱基-汐止,新北市汐止區新興路3號7樓
9227,凱基-城中,台北市博愛路35號2樓、4樓、6樓
9229,凱基-中山,台北市中山區中山北路2段68號7樓、8樓
922C,凱基-屏東,屏東縣屏東市自由路188號3樓
9231,凱基-員林,彰化縣員林鎮中山路2段100號6樓
9233,凱基-長庚,桃園縣龜山鄉復興一路227號地下1樓
9234,凱基-竹北,新竹縣竹北市仁義路193號2、3樓
9235,凱基-永華,台南市永華路1段32號3樓
9236,凱基-虎尾,雲林縣虎尾鎮德興路16號6樓
9237,凱基-敦北,台北市松山區敦化北路88號8樓之2
9238,凱基-士林,台北市士林區文林路342號5樓
9239,凱基-大業,台中市南屯區大業路179號1樓、2樓
9252,凱基-嘉南,嘉義市垂楊路620號4樓
9254,凱基-科園,新竹市光復路1段273號1樓
9255,凱基-和平,台北市羅斯福路2段102號3樓、3樓之1
9256,凱基-南崁,桃園縣蘆竹鄉中正路308號1樓、2樓
9257,凱基-林口,台北縣林口鄉文化二路1段569號
9258,凱基-羅東,宜蘭縣羅東鎮中正北路48號1樓
9266,凱基-新豐,新竹縣新豐鄉建興路1段106號
9268,凱基-台北,台北市南京東路2段137號4樓及10樓
9272,凱基-竹科,新竹市中正路158號3樓
9273,凱基-竹東,新竹縣竹東鎮朝陽路9號2樓
9274,凱基-鳳山,高雄市鳳山區維新路128號1、2樓
9275,凱基-三多,高雄市苓雅區中華四路47號3樓
9276,凱基-苗栗,苗栗市中正路458號2樓
9278,凱基-永康,台南市永康區中山南路1042號1、2樓
9281,凱基-斗六,雲林縣斗六市永安路46號3樓
9283,凱基-北門,台南市北門路1段101號4樓
9285,凱基-中壢,桃園縣中壢市環北路421號、423號1、2樓
9287,凱基-內湖,台北市成功路4段358號地下之1
9288,凱基-埔墘,新北市板橋區三民路1段216號5樓
9289,凱基-興隆,台北市興隆路3段71號地下1樓
9291,凱基-大安,台北市安和路2段82號2樓
9296,凱基-頭份,苗栗縣頭份鎮中華路916號4樓
9297,凱基-文心,台中市北屯區文心路4段875號2樓
9300,華南永昌,台北市民生東路4段54號4樓之8(略)
9302,華南永昌-台中,台中市西屯區府會園道179號6樓之1(略)
9303,華南永昌-高雄,高雄市五福三路80、82號3樓
9305,華南永昌-新莊,新北市新莊區中港路306號4樓及308號4樓
9306,華南永昌-台南,台南市府前路2段612號1、2樓
9307,華南永昌-大安,台北市復興南路1段368號4樓
9308,華南永昌-麻豆,台南縣麻豆鎮中山路36號4、5樓
9309,華南永昌-古亭,台北市羅斯福路2段91號2樓(部份)
9312,華南永昌-民權,高雄市民權二路385號地下1樓及6樓
9314,華南永昌-嘉義,嘉義市文化路169號3樓
9315,華南永昌-苑裡,苗栗縣苑裡鎮世界路1段70號
9316,華南永昌-淡水,台北縣淡水鎮中正路28號4、5樓
9317,華南永昌-林口,台北縣林口鄉林口路46號3樓
9319,華南永昌-鶯歌,台北縣鶯歌鎮國慶街101號3、4樓
9322,華南永昌-公誠,基隆市仁愛區愛三路87號11樓
9323,華南永昌-小港,高雄市小港區漢民路339號2樓
9324,華南永昌-岡山,高雄縣岡山鎮民族路88號1樓、地下室一樓
9325,華南永昌-忠孝,台北市忠孝東路2段130號3樓之1
9326,華南永昌-南京,台北市南京東路3段225號9樓、9樓之1
9327,華南永昌-斗六,雲林縣斗六市太平路7號4樓
9328,華南永昌-潮州,屏東縣潮州鎮新生路71號4樓
9329,華南永昌-朴子,嘉義縣朴子市文化北路2號2樓
9331,華南永昌-鳳山,高雄市鳳山區中山路138號4樓
9332,華南永昌-楠梓,高雄市楠梓區朝明路7號
9333,華南永昌-長虹,宜蘭縣羅東鎮公正路155號2、3樓
9334,華南永昌-世貿,台北市基隆路2段91號2樓
9337,華南永昌-內壢,桃園縣中壢市環中東路262號2樓
9339,華南永昌-竹北,新竹縣竹北市勝利一路89號
9343,華南永昌-頭份,苗栗縣頭份鎮中華路1167號2樓
9347,華南永昌-敦南,台北市忠孝東路4段107號8樓之2
9349,華南永昌-合泰,台北縣板橋市中山路1段10號4樓
9352,華南永昌-桃園,桃園縣桃園市南華街79號4樓
9358,華南永昌-東勢,台中縣東勢鎮三民街280號
9359,華南永昌-中正,台北市開封街1段33號2樓
9362,華南永昌-苗栗,苗栗縣苗栗市中正路686號2樓
9363,華南永昌-彰化,彰化縣彰化市陳稜路156號5樓
9369,華南永昌-三重,台北縣三重市仁愛街731號地下一樓
9386,華南永昌-東昇,台東市中華路1段347號2樓
9600,富邦,台北市仁愛路4段169號2樓部分及15樓部分
9604,富邦-陽明,台北市北投區裕民六路2號1樓
9608,富邦-台東,台東市中華路1段366號1、2樓
9614,富邦-基隆,基隆市信一路133號1樓
9616,富邦-岡山,高雄市岡山區竹圍里22鄰中山北路178號2、3樓
9621,富邦-花蓮,花蓮縣花蓮市明心街1之16號3樓
9623,富邦-台北,台北市許昌街17號2樓之1
9624,富邦-竹北,新竹縣竹北市光明六路263號2、3、4樓
9625,富邦-竹東,新竹縣竹東鎮榮樂里14鄰惠昌街45號(略)
9627,富邦-內湖,台北市內湖區成功路3段174巷8號地下1樓
9634,富邦-羅東,宜蘭縣羅東鎮信義里興東路286號2樓及3樓
9636,富邦-環北,桃園縣中壢市慈惠3街162號1樓(略)
9647,富邦-新竹華信,新竹市中山路8號2、3、4樓及5樓部分
9654,富邦-永和,新北市永和區保生路1號地下1樓部分
9655,富邦-板橋,新北市板橋區文化路1段266號1樓之1
9657,富邦-苗栗,苗栗縣苗栗市中正路399號2樓
9658,富邦-建國,台北市建國北路2段196號地下1樓
9659,富邦-高雄,高雄市新興區民族二路95號(略)
965K,富邦-台中,台中市西屯區漢口路2段138號1、2樓及地下1樓
965U,富邦-彰化,彰化市中山路2段349號2樓
9661,富邦-新店,新北市新店區北新路2段252號地下1樓之5
9663,富邦-敦南,台北市敦化南路1段108號地下1樓
9665,富邦-桃園,桃園縣桃園市中正路476號地下1樓部分
9666,富邦-南屯,台中市五權西路2段668號之1部份
9667,富邦-台南,台南市民生路2段279號2樓之1
966F,富邦-左營,高雄市左營區博愛二路418之1號(1樓及2樓)
9672,富邦-員林,彰化縣員林鎮莒光路五九八號
9676,富邦-仁愛,台北市建國南路1段237號地下1樓
9677,富邦-三重,新北市三重區重陽路1段66號3樓及66號3樓之1
9686,富邦-宜蘭,宜蘭市聖後街一一八號二、三樓
9692,富邦-嘉義,嘉義市林森西路320號
9693,富邦-新營,台南縣新營市民治路301號3樓及1樓(略)
9697,富邦-虎尾,雲林縣虎尾鎮德興里1鄰公安路133號2、3樓
969C,富邦-北港,雲林縣北港鎮西勢里文化路40號2樓(部分)
9800,元大,台北市南京東路3段225號13樓及14樓
9801,元大-松江,台北市中山區松江路139號3樓及3樓之1
980C,元大-斗六,雲林縣斗六市中山路82號6樓
980D,元大-開元,台南市開元路147號3樓之1、3樓之2
980K,元大-竹科,新竹市光復路1段267號3、4樓
980Q,元大-南崁,桃園縣蘆竹鄉中正路311號3樓
980R,元大-南海,台北市中正區南海路1號4樓
980a,元大-承德,台北市承德路3段210號2樓
980d,元大-沙鹿,台中市沙鹿區沙田路131號5樓
980e,元大-清水,台中縣清水鎮中山路170號5樓
980h,元大-台北,台北市重慶南路1段86號6樓
980l,元大-虎尾,雲林縣虎尾鎮林森路1段490號4樓
980u,元大-府城,台南市中西區民生路1段165號3樓、5樓之1
980w,元大-西屯,台中市西屯區西屯路2段256巷6號3樓之1
9812,元大-台中,台中市自由路2段8號3樓之1、4樓之1
9813,元大-八德,台北市八德路3段32號3樓
9814,元大-大益,台南市西門路1段223巷20號3樓
9815,元大-永康,台南市永康區永大路2段161號
9816,元大-新竹,新竹市民生路276號2樓
9817,元大-東泰,高雄市三民區九如一路73號2樓
981A,元大-鶯歌,新北市鶯歌區仁愛路1號8樓之2、8樓之3
981B,元大-竹北,新竹縣竹北市光明六路85號3樓
981C,元大-路竹,高雄市路竹區國昌路53號
981D,元大-南投,南投縣南投市中山街202號4樓之2、之3、之5
981E,元大-發財,新北市新莊區中華路2段5號4樓
981F,元大-福營,新北市新莊區龍安路284號1樓及278巷3號2樓
981G,元大-彰化,彰化縣彰化市華山路37號3樓
981I,元大-天母,台北市士林區忠誠路2段48之1號1、2樓
981K,元大-林園,高雄縣林園鄉鳳林路1段1號2樓
981L,元大-莒光,高雄市楠梓區新昌街51號地下室、1、2樓
981M,元大-苗栗,苗栗縣苗栗市中正路611號4樓
981N,元大-金門,金門縣金城鎮民權路188號
981Q,元大-太平,台中市太平區中興東路50號3樓
981R,元大-竹山,南投縣竹山鎮集山路3段919號2樓(略)
981S,元大-崇德,台中市北屯區崇德路2段46之1號
981U,元大-華山,台北市忠孝東路1段85號3樓
981V,元大-民雄,嘉義縣民雄鄉保生街212號
981X,元大-東門,台北市中正區新生南路1段148號4樓
981Z,元大-潮州,屏東縣潮州鎮延平路115、117號2樓
981a,元大-歸仁,台南市歸仁區中山路2段29號3樓
981e,元大-佳里,台南市佳里區和平街83號7樓
981g,元大-大里,台中市大里區國光路2段259號2樓
981h,元大-屏東民生,屏東縣屏東市民生路287號5樓
981i,元大-西螺,雲林縣西螺鎮延平路190、192號1、2樓
981j,元大-士林,台北市文林路342號2樓
981m,元大-新興,高雄市前金區中正四路143號4樓之2、5樓
981n,元大-旗山,高雄市旗山區中山路102號2樓
981p,元大-松山,台北市松山區南京東路5段92號2樓
981q,元大-艋舺,台北市萬華區西園路1段200號地下1樓
981r,元大-屏南,屏東縣屏東市濟南街10號
981y,元大-善化,台南市善化區大成路281號
981z,元大-大統,新竹市林森路196號2樓之3
9822,元大-土城學府,新北市土城區學府路1段25號1樓及地下1樓
9824,元大-向上,台中市向上路1段95號5樓之1
9825,元大-新營,台南市新營區中山路117號2樓
9829,元大-南永康,台南縣永康市小東路511號3樓
982A,元大-羅東,宜蘭縣羅東鎮中正北路32號
982B,元大-博愛,高雄市左營區明誠二路491號地下層之1
982C,元大-六合,高雄市新興區民族二路97號4樓
982F,元大-忠孝鼎富,台北市大安區忠孝東路4段300號7樓
9831,元大-四維,高雄市四維四路3號3樓之1、2、3
9833,元大-敦化,台北市敦化南路2段71號12樓
9834,元大-中壢,桃園縣中壢市中央東路7號3、4樓
9835,元大-員林,彰化縣員林鎮中山南路27號3樓
9837,元大-北港,雲林縣北港鎮文化路40號4樓
9838,元大-豐原,台中市豐原區圓環西路23號地下1樓
983B,元大-林森,台南市林森路2段90號地下1樓
983G,元大-上新莊,新北市新莊區思源路173號2樓
983K,元大-學甲,台南市學甲區華宗路295號
983M,元大-木柵,台北市木柵路3段96號3樓之2
983N,元大-大安,台北市和平東路2段347號3樓
983U,元大-頭份,苗栗縣頭份鎮中華路932號3樓
983V,元大-竹南,苗栗縣竹南鎮博愛街29號4樓
983W,元大-大里德芳,台中市大里區德芳路1段63號2樓
983Z,元大-鳳山,高雄市鳳山區五甲二路642號2樓
983f,元大-竹東,新竹縣竹東鎮大林路121號
983i,元大-大雅民興,台中市大雅區大雅里民興街39號3樓
983j,元大-仁愛,台北市大安區復興南路1段237號2樓
984C,元大-新店中正,新北市新店區中正路225之1號2樓(略)
984E,元大-南勢角,台北縣中和市景新街347號6樓之1
984H,元大-景美,台北市文山區景文街1號2樓之1
984K,元大-館前,台北市中正區開封街1段2號3樓
9852,元大-大松山,台北市忠孝東路5段410號3樓(略)2
9853,元大-南屯,台中市南屯區向上路1段580號1、2樓
9854,元大-台中文心,台中市北屯區文心路4段934之1號2樓
9856,元大-花蓮,花蓮縣花蓮市國聯一路167號2樓
9857,元大-東蘆,新北市蘆洲區中山一路10號2樓、5樓
9858,元大-龍潭,桃園縣龍潭鄉神龍路39號
9859,元大-新竹經國,新竹市經國路2段100號3樓
985C,元大-鳳中,高雄市鳳山區中山西路105之1號1、2樓
9862,元大-南京,台北市南京東路3段219號2樓
9863,元大-新和平,台北市和平東路1段214號2樓(略)
9867,元大-北成功,台北市民權東路6段160號2樓之1
9868,元大-水湳,台中市西屯區文心路3段337號3樓
9869,元大-新盛,新北市新莊區公園一路141號
986K,元大-基隆孝二,基隆市仁愛區孝二路86之5號
9871,元大-忠孝,台北市大安區忠孝東路4段300號3樓
9872,元大-復北,台北市復興北路420號3樓
9873,元大-西門,台北市中正區寶慶路69號3樓
9874,元大-雙和,新北市中和區中和路232號2樓、地下1樓
9875,元大-土城永寧,新北市土城區中央路2段165、167號1樓、2樓
9878,元大-赤崁,台南市中西區民生路1段165號4樓
9879,元大-板橋三民,新北市板橋區三民路2段40號2樓
987A,元大-楊梅,桃園縣楊梅市新成路125號2樓
9884,元大-鎮北,雲林縣斗六市文化路29號3樓
9888,元大-鑫永和,新北市永和區永和路2段2號、8號2樓
9889,元大-北員林,彰化縣員林鎮大同路2段283號2樓
988B,元大-藝文,桃園縣桃園市莊敬路1段375號2樓
988C,元大-三重,新北市三重區重新路3段111號2樓
9891,元大-永和,新北市永和區福和路139號3、4樓
9892,元大-屏東,屏東市廣東路690號2樓之1、3樓
9893,元大-大天母,台北市中山北路6段126號4樓、5樓部分
9894,元大-北桃園,桃園縣桃園市復興路96號2樓
9896,元大-台南,台南市長榮路1段203號5樓
9897,元大-土城,新北市土城區中央路1段255號2樓
9898,元大-新莊,新北市新莊區新泰路246號2樓
9899,元大-淡水,新北市淡水區中正路67號2、3樓
989A,元大-北投,台北市北投區北投路2段13號3樓
989B,元大-台中中港,台中市西區台灣大道2段489號10樓之2
989C,元大-板橋,新北市板橋區中山路1段10號6樓
989D,元大-左營,高雄市左營區左營大路158號3、4樓
989E,元大-草屯,南投縣草屯鎮中興路88號2樓
989F,元大-高雄,高雄市三民區建工路715號2樓及717號2樓
989G,元大-大同,台北市南京西路66號2樓
989I,元大-蘆洲,新北市蘆洲區光華路11號2樓
989J,元大-彰化民生,彰化縣彰化市中正路1段296號
989L,元大-成功,桃園市成功路1段32號9樓
989N,元大-內湖,台北市內湖區成功路4段166號地下1樓(略)
989P,元大-敦南,台北市敦化南路1段225號2樓、2樓之2
989Q,元大-汐止,新北市汐止區新台五路1段159號4樓
989S,元大-鹿港,彰化縣鹿港鎮公園一路88號
989U,元大-大甲,台中市大甲區民生路61號5樓
989V,元大-北三重,新北市三重區正義北路195號2樓
989W,元大-豐原站前,台中市豐原區豐中路13號3樓
989X,元大-民生,台北市松山區民生東路5段171、171之3號1樓
989Y,元大-基隆,基隆市信一路132號3樓
989Z,元大-小港,高雄市漢民路381號8樓
989a,元大-苑裡,苗栗縣苑裡鎮為公路65號5樓
989d,元大-北屯,台中市北屯區崇德路2段46之2號及46之3號
989e,元大-中和,新北市中和區中和路102號5樓
989f,元大-東港,屏東縣東港鎮光復路1段188號1樓
989g,元大-嘉義,嘉義市西區林森西路173號3樓
989j,元大-樹林,新北市樹林區中山路1段99號3樓
989k,元大-古亭,台北市羅斯福路3段37號2樓
989m,元大-信義,台北市忠孝東路5段293號2樓部分
9A00,永豐金,台北市重慶南路1段2號7樓(略)
9A61,永豐金-鳳山,高雄市鳳山區保泰路392、394、396號1、2樓
9A69,永豐金-屏東,屏東市中正路125號4樓
9A8F,永豐金-敦南,台北市安和路2段187號地下1樓
9A91,永豐金-松山,台北市松山路130號2樓
9A92,永豐金-萬盛,台北市松江路129號2樓、3樓
9A97,永豐金-新竹,新竹市中正路129號4樓、5樓
9A98,永豐金-大園,桃園縣大園鄉大園村中山北路102號2樓(略)
9A99,永豐金-中壢,桃園縣中壢市延平路370號3樓、372號3樓
9A9A,永豐金-羅東,宜蘭縣羅東鎮中正路203號2、3樓
9A9B,永豐金-中和,新北市中和區中和路370號
9A9C,永豐金-員林,彰化縣員林鎮大同路1段338號5樓
9A9D,永豐金-忠孝,台北市忠孝東路4段280號2樓
9A9G,永豐金-天母,台北市忠誠路1段60號2樓及62號2樓
9A9H,永豐金-新莊,新北市新莊區中港路338號
9A9J,永豐金-板新,新北市板橋區文化路2段246號
9A9K,永豐金-三重,新北市三重區正義北路113號1、2樓
9A9L,永豐金-台中,台中市中正路478號7樓
9A9M,永豐金-南投,南投縣南投市文昌街45號1、2樓
9A9N,永豐金-桃盛,桃園市南平路370號3樓
9A9P,永豐金-竹北,新竹縣竹北市縣政九路145號2樓之1(略)
9A9Q,永豐金-豐原,台中市豐原區信義街67巷15號2樓
9A9R,永豐金-信義,台北市信義路4段189號2樓、2樓之1
9A9S,永豐金-南京,台北市南京東路3段36號2樓
9A9U,永豐金-中正,台北市中山區長安東路1段23號3樓之1(略)
9A9W,永豐金-南台中,台中市公益路2段72號地下1樓
9A9X,永豐金-竹科,新竹市光復路2段289號4樓
9A9Y,永豐金-板盛,新北市板橋區府中路29之2號1樓、2樓
9A9Z,永豐金-復興,台北市民權東路3段35號1樓、37號3樓
9A9a,永豐金-苓雅,高雄市苓雅區中華四路100號2樓
9A9b,永豐金-虎尾,雲林縣虎尾鎮新生路136號3樓
9A9c,永豐金-永康,台南市永康區中華路423號2樓
9A9d,永豐金-古亭,台北市南昌路1段110號3樓
9A9e,永豐金-高雄,高雄市中正一路284號2、3樓
9A9g,永豐金-內湖,台北市內湖路1段49號1樓、2樓
9A9h,永豐金-台南,台南市西門路1段655號4樓
9A9i,永豐金-新店,新北市新店區北新路二段252號2樓(略)
9A9j,永豐金-嘉義,嘉義市中山路386號3樓
9A9q,永豐金-潮州,屏東縣潮州鎮延平路16號(略)
9A9r,永豐金-鹽埕,高雄市鹽埕區五福四路178號7樓(略)
9A9s,永豐金-彰化,彰化市民族路532號5、6樓
9A9x,永豐金-桃園,桃園市南華街77號3樓之1、3樓之2
