stock id,stock name,產業別,市場別
1101,台泥,水泥工業,上市
1102,亞泥,水泥工業,上市
1103,嘉泥,水泥工業,上市
1104,環泥,水泥工業,上市
1108,幸福,水泥工業,上市
1109,信大,水泥工業,上市
1110,東泥,水泥工業,上市
1201,味全,食品工業,上市
1203,味王,食品工業,上市
1210,大成,食品工業,上市
1213,大飲,食品工業,上市
1215,卜蜂,食品工業,上市
1216,統一,食品工業,上市
1217,愛之味,食品工業,上市
1218,泰山,食品工業,上市
1219,福壽,食品工業,上市
1220,台榮,食品工業,上市
1225,福懋油,食品工業,上市
1227,佳格,食品工業,上市
1229,聯華,食品工業,上市
1231,聯華食,食品工業,上市
1232,大統益,食品工業,上市
1233,天仁,食品工業,上市
1234,黑松,食品工業,上市
1235,興泰,食品工業,上市
1236,宏亞,食品工業,上市
1256,鮮活果汁-KY,食品工業,上市
1301,台塑,塑膠工業,上市
1303,南亞,塑膠工業,上市
1304,台聚,塑膠工業,上市
1305,華夏,塑膠工業,上市
1307,三芳,塑膠工業,上市
1308,亞聚,塑膠工業,上市
1309,台達化,塑膠工業,上市
1310,台苯,塑膠工業,上市
1312,國喬,塑膠工業,上市
1313,聯成,塑膠工業,上市
1314,中石化,塑膠工業,上市
1315,達新,塑膠工業,上市
1316,上曜,建材營造業,上市
1319,東陽,汽車工業,上市
1321,大洋,塑膠工業,上市
1323,永裕,塑膠工業,上市
1324,地球,塑膠工業,上市
1325,恆大,塑膠工業,上市
1326,台化,塑膠工業,上市
1337,再生-KY,塑膠工業,上市
1338,廣華-KY,汽車工業,上市
1339,昭輝,汽車工業,上市
1340,勝悅-KY,塑膠工業,上市
1341,富林-KY,塑膠工業,上市
1342,八貫,其他業,上市
1402,遠東新,紡織纖維,上市
1409,新纖,紡織纖維,上市
1410,南染,紡織纖維,上市
1413,宏洲,紡織纖維,上市
1414,東和,紡織纖維,上市
1416,廣豐,其他業,上市
1417,嘉裕,紡織纖維,上市
1418,東華,紡織纖維,上市
1419,新紡,紡織纖維,上市
1423,利華,紡織纖維,上市
1432,大魯閣,運動休閒,上市
1434,福懋,紡織纖維,上市
1435,中福,其他業,上市
1436,華友聯,建材營造業,上市
1437,勤益控,其他業,上市
1438,三地開發,建材營造業,上市
1439,雋揚,建材營造業,上市
1440,南紡,紡織纖維,上市
1441,大東,紡織纖維,上市
1442,名軒,建材營造業,上市
1443,立益物流,其他業,上市
1444,力麗,紡織纖維,上市
1445,大宇,紡織纖維,上市
1446,宏和,紡織纖維,上市
1447,力鵬,紡織纖維,上市
1449,佳和,紡織纖維,上市
1451,年興,紡織纖維,上市
1452,宏益,紡織纖維,上市
1453,大將,建材營造業,上市
1454,台富,紡織纖維,上市
1455,集盛,紡織纖維,上市
1456,怡華,建材營造業,上市
1457,宜進,紡織纖維,上市
1459,聯發,紡織纖維,上市
1460,宏遠,紡織纖維,上市
1463,強盛,紡織纖維,上市
1464,得力,紡織纖維,上市
1465,偉全,紡織纖維,上市
1466,聚隆,紡織纖維,上市
1467,南緯,紡織纖維,上市
1468,昶和,紡織纖維,上市
1470,大統新創,紡織纖維,上市
1471,首利,電子零組件業,上市
1472,三洋實業,建材營造業,上市
1473,台南,紡織纖維,上市
1474,弘裕,紡織纖維,上市
1475,業旺,紡織纖維,上市
1476,儒鴻,紡織纖維,上市
1477,聚陽,紡織纖維,上市
1503,士電,電機機械,上市
1504,東元,電機機械,上市
1506,正道,電機機械,上市
1512,瑞利,汽車工業,上市
1513,中興電,電機機械,上市
1514,亞力,電機機械,上市
1515,力山,電機機械,上市
1516,川飛,其他業,上市
1517,利奇,電機機械,上市
1519,華城,電機機械,上市
1521,大億,汽車工業,上市
1522,堤維西,汽車工業,上市
1524,耿鼎,汽車工業,上市
1525,江申,汽車工業,上市
1526,日馳,電機機械,上市
1527,鑽全,電機機械,上市
1528,恩德,電機機械,上市
1529,樂事綠能,電機機械,上市
1530,亞崴,電機機械,上市
1531,高林股,電機機械,上市
1532,勤美,電機機械,上市
1533,車王電,汽車工業,上市
1535,中宇,電機機械,上市
1536,和大,汽車工業,上市
1537,廣隆,電機機械,上市
1538,正峰,電機機械,上市
1539,巨庭,電機機械,上市
1540,喬福,電機機械,上市
1541,錩泰,電機機械,上市
1558,伸興,電機機械,上市
1560,中砂,電機機械,上市
1563,巧新,汽車工業,上市
1568,倉佑,汽車工業,上市
1582,信錦,電子零組件業,上市
1583,程泰,電機機械,上市
1587,吉茂,汽車工業,上市
1589,永冠-KY,電機機械,上市
1590,亞德客-KY,電機機械,上市
1597,直得,電機機械,上市
1598,岱宇,運動休閒,上市
1603,華電,電器電纜,上市
1604,聲寶,電器電纜,上市
1605,華新,電器電纜,上市
1608,華榮,電器電纜,上市
1609,大亞,電器電纜,上市
1611,中電,電器電纜,上市
1612,宏泰,電器電纜,上市
1614,三洋電,電器電纜,上市
1615,大山,電器電纜,上市
1616,億泰,電器電纜,上市
1617,榮星,電器電纜,上市
1618,合機,電器電纜,上市
1626,艾美特-KY,電器電纜,上市
1701,中化,生技醫療業,上市
1702,南僑,食品工業,上市
1707,葡萄王,生技醫療業,上市
1708,東鹼,化學工業,上市
1709,和益,化學工業,上市
1710,東聯,化學工業,上市
1711,永光,化學工業,上市
1712,興農,化學工業,上市
1713,國化,化學工業,上市
1714,和桐,化學工業,上市
1717,長興,化學工業,上市
1718,中纖,化學工業,上市
1720,生達,生技醫療業,上市
1721,三晃,化學工業,上市
1722,台肥,化學工業,上市
1723,中碳,化學工業,上市
1725,元禎,化學工業,上市
1726,永記,化學工業,上市
1727,中華化,化學工業,上市
1730,花仙子,化學工業,上市
1731,美吾華,生技醫療業,上市
1732,毛寶,化學工業,上市
1733,五鼎,生技醫療業,上市
1734,杏輝,生技醫療業,上市
1735,日勝化,化學工業,上市
1736,喬山,運動休閒,上市
1737,臺鹽,食品工業,上市
1752,南光,生技醫療業,上市
1760,寶齡富錦,生技醫療業,上市
1762,中化生,生技醫療業,上市
1773,勝一,化學工業,上市
1776,展宇,化學工業,上市
1783,和康生,生技醫療業,上市
1786,科妍,生技醫療業,上市
1789,神隆,生技醫療業,上市
1795,美時,生技醫療業,上市
1802,台玻,玻璃陶瓷,上市
1805,寶徠,建材營造業,上市
1806,冠軍,玻璃陶瓷,上市
1808,潤隆,建材營造業,上市
1809,中釉,玻璃陶瓷,上市
1810,和成,玻璃陶瓷,上市
1817,凱撒衛,玻璃陶瓷,上市
1903,士紙,造紙工業,上市
1904,正隆,造紙工業,上市
1905,華紙,造紙工業,上市
1906,寶隆,造紙工業,上市
1907,永豐餘,造紙工業,上市
1909,榮成,造紙工業,上市
2002,中鋼,鋼鐵工業,上市
2006,東和鋼鐵,鋼鐵工業,上市
2007,燁興,鋼鐵工業,上市
2008,高興昌,鋼鐵工業,上市
2009,第一銅,鋼鐵工業,上市
2010,春源,鋼鐵工業,上市
2012,春雨,鋼鐵工業,上市
2013,中鋼構,鋼鐵工業,上市
2014,中鴻,鋼鐵工業,上市
2015,豐興,鋼鐵工業,上市
2017,官田鋼,鋼鐵工業,上市
2020,美亞,鋼鐵工業,上市
2022,聚亨,鋼鐵工業,上市
2023,燁輝,鋼鐵工業,上市
2024,志聯,鋼鐵工業,上市
2025,千興,鋼鐵工業,上市
2027,大成鋼,鋼鐵工業,上市
2028,威致,鋼鐵工業,上市
2029,盛餘,鋼鐵工業,上市
2030,彰源,鋼鐵工業,上市
2031,新光鋼,鋼鐵工業,上市
2032,新鋼,鋼鐵工業,上市
2033,佳大,鋼鐵工業,上市
2034,允強,鋼鐵工業,上市
2038,海光,鋼鐵工業,上市
2049,上銀,電機機械,上市
2059,川湖,電子零組件業,上市
2062,橋椿,居家生活,上市
2069,運錩,鋼鐵工業,上市
2101,南港,橡膠工業,上市
2102,泰豐,橡膠工業,上市
2103,台橡,橡膠工業,上市
2104,國際中橡,橡膠工業,上市
2105,正新,橡膠工業,上市
2106,建大,橡膠工業,上市
2107,厚生,橡膠工業,上市
2108,南帝,橡膠工業,上市
2109,華豐,橡膠工業,上市
2114,鑫永銓,橡膠工業,上市
2115,六暉-KY,汽車工業,上市
2201,裕隆,汽車工業,上市
2204,中華,汽車工業,上市
2206,三陽工業,汽車工業,上市
2207,和泰車,汽車工業,上市
2208,台船,航運業,上市
2211,長榮鋼,鋼鐵工業,上市
2227,裕日車,汽車工業,上市
2228,劍麟,汽車工業,上市
2231,為升,汽車工業,上市
2233,宇隆,汽車工業,上市
2236,百達-KY,汽車工業,上市
2239,英利-KY,汽車工業,上市
2241,艾姆勒,汽車工業,上市
2243,宏旭-KY,汽車工業,上市
2247,汎德永業,汽車工業,上市
2250,IKKA-KY,汽車工業,上市
2301,光寶科,電腦及週邊設備業,上市
2302,麗正,半導體業,上市
2303,聯電,半導體業,上市
2305,全友,電腦及週邊設備業,上市
2308,台達電,電子零組件業,上市
2312,金寶,其他電子業,上市
2313,華通,電子零組件業,上市
2314,台揚,通信網路業,上市
2316,楠梓電,電子零組件業,上市
2317,鴻海,其他電子業,上市
2321,東訊,通信網路業,上市
2323,中環,光電業,上市
2324,仁寶,電腦及週邊設備業,上市
2327,國巨,電子零組件業,上市
2328,廣宇,電子零組件業,上市
2329,華泰,半導體業,上市
2330,台積電,半導體業,上市
2331,精英,電腦及週邊設備業,上市
2332,友訊,通信網路業,上市
2337,旺宏,半導體業,上市
2338,光罩,半導體業,上市
2340,台亞,半導體業,上市
2342,茂矽,半導體業,上市
2344,華邦電,半導體業,上市
2345,智邦,通信網路業,上市
2347,聯強,電子通路業,上市
2348,海悅,其他業,上市
2349,錸德,光電業,上市
2351,順德,半導體業,上市
2352,佳世達,電腦及週邊設備業,上市
2353,宏碁,電腦及週邊設備業,上市
2354,鴻準,其他電子業,上市
2355,敬鵬,電子零組件業,上市
2356,英業達,電腦及週邊設備業,上市
2357,華碩,電腦及週邊設備業,上市
2358,廷鑫,其他業,上市
2359,所羅門,其他電子業,上市
2360,致茂,其他電子業,上市
2362,藍天,電腦及週邊設備業,上市
2363,矽統,半導體業,上市
2364,倫飛,電腦及週邊設備業,上市
2365,昆盈,電腦及週邊設備業,上市
2367,燿華,電子零組件業,上市
2368,金像電,電子零組件業,上市
2369,菱生,半導體業,上市
2371,大同,電機機械,上市
2373,震旦行,其他電子業,上市
2374,佳能,光電業,上市
2375,凱美,電子零組件業,上市
2376,技嘉,電腦及週邊設備業,上市
2377,微星,電腦及週邊設備業,上市
2379,瑞昱,半導體業,上市
2380,虹光,電腦及週邊設備業,上市
2382,廣達,電腦及週邊設備業,上市
2383,台光電,電子零組件業,上市
2385,群光,電子零組件業,上市
2387,精元,電腦及週邊設備業,上市
2388,威盛,半導體業,上市
2390,云辰,其他電子業,上市
2392,正崴,電子零組件業,上市
2393,億光,光電業,上市
2395,研華,電腦及週邊設備業,上市
2397,友通,電腦及週邊設備業,上市
2399,映泰,電腦及週邊設備業,上市
2401,凌陽,半導體業,上市
2402,毅嘉,電子零組件業,上市
2404,漢唐,其他電子業,上市
2405,輔信,電腦及週邊設備業,上市
2406,國碩,光電業,上市
2408,南亞科,半導體業,上市
2409,友達,光電業,上市
2412,中華電,通信網路業,上市
2413,環科,電子零組件業,上市
2414,精技,電子通路業,上市
2415,錩新,電子零組件業,上市
2417,圓剛,電腦及週邊設備業,上市
2419,仲琦,通信網路業,上市
2420,新巨,電子零組件業,上市
2421,建準,電子零組件業,上市
2423,固緯,其他電子業,上市
2424,隴華,通信網路業,上市
2425,承啟,電腦及週邊設備業,上市
2426,鼎元,光電業,上市
2427,三商電,資訊服務業,上市
2428,興勤,電子零組件業,上市
2429,銘旺科,光電業,上市
2430,燦坤,電子通路業,上市
2431,聯昌,電子零組件業,上市
2433,互盛電,其他電子業,上市
2434,統懋,半導體業,上市
2436,偉詮電,半導體業,上市
2438,翔耀,光電業,上市
2439,美律,通信網路業,上市
2440,太空梭,電子零組件業,上市
2441,超豐,半導體業,上市
2442,新美齊,建材營造業,上市
2443,昶虹,其他業,上市
2444,兆勁,通信網路業,上市
2449,京元電子,半導體業,上市
2450,神腦,通信網路業,上市
2451,創見,半導體業,上市
2453,凌群,資訊服務業,上市
2454,聯發科,半導體業,上市
2455,全新,通信網路業,上市
2457,飛宏,電子零組件業,上市
2458,義隆,半導體業,上市
2459,敦吉,其他電子業,上市
2460,建通,電子零組件業,上市
2461,光群雷,其他電子業,上市
2462,良得電,電子零組件業,上市
2464,盟立,其他電子業,上市
2465,麗臺,電腦及週邊設備業,上市
2466,冠西電,光電業,上市
2467,志聖,電子零組件業,上市
2468,華經,資訊服務業,上市
2471,資通,資訊服務業,上市
2472,立隆電,電子零組件業,上市
2474,可成,其他電子業,上市
2476,鉅祥,電子零組件業,上市
2477,美隆電,其他電子業,上市
2478,大毅,電子零組件業,上市
2480,敦陽科,資訊服務業,上市
2481,強茂,半導體業,上市
2482,連宇,其他電子業,上市
2483,百容,電子零組件業,上市
2484,希華,電子零組件業,上市
2485,兆赫,通信網路業,上市
2486,一詮,光電業,上市
2488,漢平,其他電子業,上市
2489,瑞軒,光電業,上市
2491,吉祥全,光電業,上市
2492,華新科,電子零組件業,上市
2493,揚博,電子零組件業,上市
2495,普安,電腦及週邊設備業,上市
2496,卓越,其他業,上市
2497,怡利電,汽車工業,上市
2498,宏達電,通信網路業,上市
2501,國建,建材營造業,上市
2504,國產,建材營造業,上市
2505,國揚,建材營造業,上市
2506,太設,建材營造業,上市
2509,全坤建,建材營造業,上市
2511,太子,建材營造業,上市
2514,龍邦,其他業,上市
2515,中工,建材營造業,上市
2516,新建,建材營造業,上市
2520,冠德,建材營造業,上市
2524,京城,建材營造業,上市
2527,宏璟,建材營造業,上市
2528,皇普,建材營造業,上市
2530,華建,建材營造業,上市
2534,宏盛,建材營造業,上市
2535,達欣工,建材營造業,上市
2536,宏普,建材營造業,上市
2537,聯上發,建材營造業,上市
2538,基泰,建材營造業,上市
2539,櫻花建,建材營造業,上市
2540,愛山林,建材營造業,上市
2542,興富發,建材營造業,上市
2543,皇昌,建材營造業,上市
2545,皇翔,建材營造業,上市
2546,根基,建材營造業,上市
2547,日勝生,建材營造業,上市
2548,華固,建材營造業,上市
2597,潤弘,建材營造業,上市
2601,益航,貿易百貨業,上市
2603,長榮,航運業,上市
2605,新興,航運業,上市
2606,裕民,航運業,上市
2607,榮運,航運業,上市
2608,嘉里大榮,航運業,上市
2609,陽明,航運業,上市
2610,華航,航運業,上市
2611,志信,航運業,上市
2612,中航,航運業,上市
2613,中櫃,航運業,上市
2614,東森,其他業,上市
2615,萬海,航運業,上市
2616,山隆,油電燃氣業,上市
2617,台航,航運業,上市
2618,長榮航,航運業,上市
2630,亞航,航運業,上市
2633,台灣高鐵,航運業,上市
2634,漢翔,航運業,上市
2636,台驊投控,航運業,上市
2637,慧洋-KY,航運業,上市
2642,宅配通,航運業,上市
2645,長榮航太,航運業,上市
2701,萬企,觀光餐旅,上市
2702,華園,觀光餐旅,上市
2704,國賓,觀光餐旅,上市
2705,六福,觀光餐旅,上市
2706,第一店,觀光餐旅,上市
2707,晶華,觀光餐旅,上市
2712,遠雄來,觀光餐旅,上市
2722,夏都,觀光餐旅,上市
2723,美食-KY,觀光餐旅,上市
2727,王品,觀光餐旅,上市
2731,雄獅,觀光餐旅,上市
2739,寒舍,觀光餐旅,上市
2748,雲品,觀光餐旅,上市
2753,八方雲集,觀光餐旅,上市
2762,世界健身-KY,運動休閒,上市
2801,彰銀,金融保險業,上市
2809,京城銀,金融保險業,上市
2812,台中銀,金融保險業,上市
2816,旺旺保,金融保險業,上市
2820,華票,金融保險業,上市
2832,台產,金融保險業,上市
2834,臺企銀,金融保險業,上市
2836,高雄銀,金融保險業,上市
2838,聯邦銀,金融保險業,上市
2845,遠東銀,金融保險業,上市
2849,安泰銀,金融保險業,上市
2850,新產,金融保險業,上市
2851,中再保,金融保險業,上市
2852,第一保,金融保險業,上市
2855,統一證,金融保險業,上市
2867,三商壽,金融保險業,上市
2880,華南金,金融保險業,上市
2881,富邦金,金融保險業,上市
2882,國泰金,金融保險業,上市
2883,開發金,金融保險業,上市
2884,玉山金,金融保險業,上市
2885,元大金,金融保險業,上市
2886,兆豐金,金融保險業,上市
2887,台新金,金融保險業,上市
2888,新光金,金融保險業,上市
2889,國票金,金融保險業,上市
2890,永豐金,金融保險業,上市
2891,中信金,金融保險業,上市
2892,第一金,金融保險業,上市
2897,王道銀行,金融保險業,上市
2901,欣欣,貿易百貨業,上市
2903,遠百,貿易百貨業,上市
2904,匯僑,其他業,上市
2905,三商,貿易百貨業,上市
2906,高林,貿易百貨業,上市
2908,特力,貿易百貨業,上市
2910,統領,貿易百貨業,上市
2911,麗嬰房,貿易百貨業,上市
2912,統一超,貿易百貨業,上市
2913,農林,貿易百貨業,上市
2915,潤泰全,貿易百貨業,上市
2923,鼎固-KY,建材營造業,上市
2929,淘帝-KY,貿易百貨業,上市
2939,凱羿-KY,貿易百貨業,上市
2945,三商家購,貿易百貨業,上市
3002,歐格,電腦及週邊設備業,上市
3003,健和興,電子零組件業,上市
3004,豐達科,鋼鐵工業,上市
3005,神基,電腦及週邊設備業,上市
3006,晶豪科,半導體業,上市
3008,大立光,光電業,上市
3010,華立,電子通路業,上市
3011,今皓,電子零組件業,上市
3013,晟銘電,電腦及週邊設備業,上市
3014,聯陽,半導體業,上市
3015,全漢,電子零組件業,上市
3016,嘉晶,半導體業,上市
3017,奇鋐,電腦及週邊設備業,上市
3018,隆銘綠能,其他電子業,上市
3019,亞光,光電業,上市
3021,鴻名,電子零組件業,上市
3022,威強電,電腦及週邊設備業,上市
3023,信邦,電子零組件業,上市
3024,憶聲,光電業,上市
3025,星通,通信網路業,上市
3026,禾伸堂,電子零組件業,上市
3027,盛達,通信網路業,上市
3028,增你強,電子通路業,上市
3029,零壹,資訊服務業,上市
3030,德律,其他電子業,上市
3031,佰鴻,光電業,上市
3032,偉訓,電子零組件業,上市
3033,威健,電子通路業,上市
3034,聯詠,半導體業,上市
3035,智原,半導體業,上市
3036,文曄,電子通路業,上市
3037,欣興,電子零組件業,上市
3038,全台,光電業,上市
3040,遠見,其他業,上市
3041,揚智,半導體業,上市
3042,晶技,電子零組件業,上市
3043,科風,其他電子業,上市
3044,健鼎,電子零組件業,上市
3045,台灣大,通信網路業,上市
3046,建碁,電腦及週邊設備業,上市
3047,訊舟,通信網路業,上市
3048,益登,電子通路業,上市
3049,精金,光電業,上市
3050,鈺德,光電業,上市
3051,力特,光電業,上市
3052,夆典,建材營造業,上市
3054,立萬利,食品工業,上市
3055,蔚華科,電子通路業,上市
3056,富華新,建材營造業,上市
3057,喬鼎,電腦及週邊設備業,上市
3058,立德,電子零組件業,上市
3059,華晶科,光電業,上市
3060,銘異,電腦及週邊設備業,上市
3062,建漢,通信網路業,上市
3090,日電貿,電子零組件業,上市
3092,鴻碩,電子零組件業,上市
3094,聯傑,半導體業,上市
3130,一零四,數位雲端,上市
3138,耀登,通信網路業,上市
3149,正達,光電業,上市
3164,景岳,生技醫療業,上市
3167,大量,電機機械,上市
3168,眾福科,光電業,上市
3189,景碩,半導體業,上市
3209,全科,電子通路業,上市
3229,晟鈦,電子零組件業,上市
3231,緯創,電腦及週邊設備業,上市
3257,虹冠電,半導體業,上市
3266,昇陽,建材營造業,上市
3296,勝德,電子零組件業,上市
3305,昇貿,其他電子業,上市
3308,聯德,電子零組件業,上市
3311,閎暉,通信網路業,上市
3312,弘憶股,電子通路業,上市
3321,同泰,電子零組件業,上市
3338,泰碩,電子零組件業,上市
3346,麗清,汽車工業,上市
3356,奇偶,光電業,上市
3376,新日興,電子零組件業,上市
3380,明泰,通信網路業,上市
3406,玉晶光,光電業,上市
3413,京鼎,半導體業,上市
3416,融程電,電腦及週邊設備業,上市
3419,譁裕,通信網路業,上市
3432,台端,電子零組件業,上市
3437,榮創,光電業,上市
3443,創意,半導體業,上市
3447,展達,通信網路業,上市
3450,聯鈞,半導體業,上市
3454,晶睿,光電業,上市
3481,群創,光電業,上市
3494,誠研,電腦及週邊設備業,上市
3501,維熹,電子零組件業,上市
3504,揚明光,光電業,上市
3515,華擎,電腦及週邊設備業,上市
3518,柏騰,其他電子業,上市
3528,安馳,電子通路業,上市
3530,晶相光,半導體業,上市
3532,台勝科,半導體業,上市
3533,嘉澤,電子零組件業,上市
3535,晶彩科,光電業,上市
3543,州巧,光電業,上市
3545,敦泰,半導體業,上市
3550,聯穎,電子零組件業,上市
3557,嘉威,居家生活,上市
3563,牧德,光電業,上市
3576,聯合再生,光電業,上市
3583,辛耘,半導體業,上市
3588,通嘉,半導體業,上市
3591,艾笛森,光電業,上市
3592,瑞鼎,半導體業,上市
3593,力銘,電子零組件業,上市
3596,智易,通信網路業,上市
3605,宏致,電子零組件業,上市
3607,谷崧,電子零組件業,上市
3617,碩天,其他電子業,上市
3622,洋華,光電業,上市
3645,達邁,電子零組件業,上市
3652,精聯,電腦及週邊設備業,上市
3653,健策,電子零組件業,上市
3661,世芯-KY,半導體業,上市
3665,貿聯-KY,其他電子業,上市
3669,圓展,通信網路業,上市
3673,TPK-KY,光電業,上市
3679,新至陞,電子零組件業,上市
3686,達能,半導體業,上市
3694,海華,通信網路業,上市
3701,大眾控,電腦及週邊設備業,上市
3702,大聯大,電子通路業,上市
3703,欣陸,建材營造業,上市
3704,合勤控,通信網路業,上市
3705,永信,生技醫療業,上市
3706,神達,電腦及週邊設備業,上市
3708,上緯投控,綠能環保,上市
3711,日月光投控,半導體業,上市
3712,永崴投控,電腦及週邊設備業,上市
3714,富采,光電業,上市
3715,定穎投控,電子零組件業,上市
4104,佳醫,生技醫療業,上市
4106,雃博,生技醫療業,上市
4108,懷特,生技醫療業,上市
4119,旭富,生技醫療業,上市
4133,亞諾法,生技醫療業,上市
4137,麗豐-KY,生技醫療業,上市
4142,國光生,生技醫療業,上市
4155,訊映,生技醫療業,上市
4164,承業醫,生技醫療業,上市
4190,佐登-KY,生技醫療業,上市
4306,炎洲,塑膠工業,上市
4414,如興,紡織纖維,上市
4426,利勤,紡織纖維,上市
4438,廣越,紡織纖維,上市
4439,冠星-KY,紡織纖維,上市
4440,宜新實業,紡織纖維,上市
4526,東台,電機機械,上市
4532,瑞智,電機機械,上市
4536,拓凱,運動休閒,上市
4540,全球傳動,電機機械,上市
4545,銘鈺,電子零組件業,上市
4551,智伸科,汽車工業,上市
4552,力達-KY,電機機械,上市
4555,氣立,電機機械,上市
4557,永新-KY,汽車工業,上市
4560,強信-KY,電機機械,上市
4562,穎漢,電機機械,上市
4564,元翎,電機機械,上市
4566,時碩工業,電機機械,上市
4569,六方科-KY,汽車工業,上市
4571,鈞興-KY,電機機械,上市
4572,駐龍,電機機械,上市
4576,大銀微系統,電機機械,上市
4581,光隆精密-KY,汽車工業,上市
4583,台灣精銳,電機機械,上市
4588,玖鼎電力,其他電子業,上市
4720,德淵,化學工業,上市
4722,國精化,化學工業,上市
4736,泰博,生技醫療業,上市
4737,華廣,生技醫療業,上市
4739,康普,化學工業,上市
4746,台耀,生技醫療業,上市
4755,三福化,化學工業,上市
4763,材料-KY,化學工業,上市
4764,雙鍵,化學工業,上市
4766,南寶,化學工業,上市
4770,上品,化學工業,上市
4771,望隼,生技醫療業,上市
4807,日成-KY,貿易百貨業,上市
4904,遠傳,通信網路業,上市
4906,正文,通信網路業,上市
4912,聯德控股-KY,電子零組件業,上市
4915,致伸,電子零組件業,上市
4916,事欣科,電腦及週邊設備業,上市
4919,新唐,半導體業,上市
4927,泰鼎-KY,電子零組件業,上市
4930,燦星網,電器電纜,上市
4934,太極,光電業,上市
4935,茂林-KY,光電業,上市
4938,和碩,電腦及週邊設備業,上市
4942,嘉彰,光電業,上市
4943,康控-KY,電子零組件業,上市
4949,有成精密,光電業,上市
4952,凌通,半導體業,上市
4956,光鋐,光電業,上市
4958,臻鼎-KY,電子零組件業,上市
4960,誠美材,光電業,上市
4961,天鈺,半導體業,上市
4967,十銓,半導體業,上市
4968,立積,半導體業,上市
4976,佳凌,光電業,上市
4977,眾達-KY,通信網路業,上市
4989,榮科,電子零組件業,上市
4994,傳奇,資訊服務業,上市
4999,鑫禾,電子零組件業,上市
5007,三星,鋼鐵工業,上市
5203,訊連,資訊服務業,上市
5215,科嘉-KY,電腦及週邊設備業,上市
5222,全訊,半導體業,上市
5225,東科-KY,其他電子業,上市
5234,達興材料,光電業,上市
5243,乙盛-KY,光電業,上市
5244,弘凱,光電業,上市
5258,虹堡,電腦及週邊設備業,上市
5269,祥碩,半導體業,上市
5283,禾聯碩,電器電纜,上市
5284,jpp-KY,其他業,上市
5285,界霖,半導體業,上市
5288,豐祥-KY,電機機械,上市
5292,華懋,綠能環保,上市
5306,桂盟,運動休閒,上市
5388,中磊,通信網路業,上市
5434,崇越,電子通路業,上市
5469,瀚宇博,電子零組件業,上市
5471,松翰,半導體業,上市
5484,慧友,光電業,上市
5515,建國,建材營造業,上市
5519,隆大,建材營造業,上市
5521,工信,建材營造業,上市
5522,遠雄,建材營造業,上市
5525,順天,建材營造業,上市
5531,鄉林,建材營造業,上市
5533,皇鼎,建材營造業,上市
5534,長虹,建材營造業,上市
5538,東明-KY,鋼鐵工業,上市
5546,永固-KY,建材營造業,上市
5607,遠雄港,航運業,上市
5608,四維航,航運業,上市
5706,鳳凰,觀光餐旅,上市
5871,中租-KY,其他業,上市
5876,上海商銀,金融保險業,上市
5880,合庫金,金融保險業,上市
5906,台南-KY,貿易百貨業,上市
5907,大洋-KY,貿易百貨業,上市
6005,群益證,金融保險業,上市
6024,群益期,金融保險業,上市
6108,競國,電子零組件業,上市
6112,邁達特,資訊服務業,上市
6115,鎰勝,電子零組件業,上市
6116,彩晶,光電業,上市
6117,迎廣,電腦及週邊設備業,上市
6120,達運,光電業,上市
6128,上福,電腦及週邊設備業,上市
6133,金橋,電子零組件業,上市
6136,富爾特,通信網路業,上市
6139,亞翔,其他電子業,上市
6141,柏承,電子零組件業,上市
6142,友勁,通信網路業,上市
6152,百一,通信網路業,上市
6153,嘉聯益,電子零組件業,上市
6155,鈞寶,電子零組件業,上市
6164,華興,光電業,上市
6165,浪凡,數位雲端,上市
6166,凌華,電腦及週邊設備業,上市
6168,宏齊,光電業,上市
6176,瑞儀,光電業,上市
6177,達麗,建材營造業,上市
6183,關貿,資訊服務業,上市
6184,大豐電,其他業,上市
6189,豐藝,電子通路業,上市
6191,精成科,電子零組件業,上市
6192,巨路,其他電子業,上市
6196,帆宣,其他電子業,上市
6197,佳必琪,電子零組件業,上市
6201,亞弘電,其他電子業,上市
6202,盛群,半導體業,上市
6205,詮欣,電子零組件業,上市
6206,飛捷,電腦及週邊設備業,上市
6209,今國光,光電業,上市
6213,聯茂,電子零組件業,上市
6214,精誠,資訊服務業,上市
6215,和椿,其他電子業,上市
6216,居易,通信網路業,上市
6224,聚鼎,電子零組件業,上市
6225,天瀚,光電業,上市
6226,光鼎,光電業,上市
6230,尼得科超眾,電腦及週邊設備業,上市
6235,華孚,電腦及週邊設備業,上市
6239,力成,半導體業,上市
6243,迅杰,半導體業,上市
6257,矽格,半導體業,上市
6269,台郡,電子零組件業,上市
6271,同欣電,半導體業,上市
6277,宏正,電腦及週邊設備業,上市
6278,台表科,光電業,上市
6281,全國電,電子通路業,上市
6282,康舒,電子零組件業,上市
6283,淳安,其他電子業,上市
6285,啟碁,通信網路業,上市
6288,聯嘉,汽車工業,上市
6405,悅城,光電業,上市
6409,旭隼,其他電子業,上市
6412,群電,電子零組件業,上市
6414,樺漢,電腦及週邊設備業,上市
6415,矽力*-KY,半導體業,上市
6416,瑞祺電通,通信網路業,上市
6426,統新,通信網路業,上市
6431,光麗-KY,生技醫療業,上市
6438,迅得,其他電子業,上市
6442,光聖,通信網路業,上市
6443,元晶,光電業,上市
6446,藥華藥,生技醫療業,上市
6449,鈺邦,電子零組件業,上市
6451,訊芯-KY,半導體業,上市
6456,GIS-KY,光電業,上市
6464,台數科,其他業,上市
6472,保瑞,生技醫療業,上市
6477,安集,光電業,上市
6491,晶碩,生技醫療業,上市
6504,南六,其他業,上市
6505,台塑化,油電燃氣業,上市
6515,穎崴,半導體業,上市
6525,捷敏-KY,半導體業,上市
6526,達發,半導體業,上市
6531,愛普*,半導體業,上市
6533,晶心科,半導體業,上市
6541,泰福-KY,生技醫療業,上市
6550,北極星藥業-KY,生技醫療業,上市
6552,易華電,半導體業,上市
6558,興能高,其他電子業,上市
6573,虹揚-KY,半導體業,上市
6579,研揚,電腦及週邊設備業,上市
6581,鋼聯,綠能環保,上市
6582,申豐,橡膠工業,上市
6585,鼎基,其他業,上市
6591,動力-KY,電腦及週邊設備業,上市
6592,和潤企業,其他業,上市
6598,ABC-KY,生技醫療業,上市
6605,帝寶,汽車工業,上市
6606,建德工業,電機機械,上市
6625,必應,其他業,上市
6641,基士德-KY,綠能環保,上市
6655,科定,其他業,上市
6657,華安,生技醫療業,上市
6658,聯策,其他電子業,上市
6666,羅麗芬-KY,生技醫療業,上市
6668,中揚光,光電業,上市
6669,緯穎,電腦及週邊設備業,上市
6670,復盛應用,運動休閒,上市
6671,三能-KY,居家生活,上市
6672,騰輝電子-KY,電子零組件業,上市
6674,鋐寶科技,通信網路業,上市
6689,伊雲谷,數位雲端,上市
6691,洋基工程,其他電子業,上市
6695,芯鼎,半導體業,上市
6698,旭暉應材,其他電子業,上市
6706,惠特,光電業,上市
6715,嘉基,電子零組件業,上市
6719,力智,半導體業,上市
6742,澤米,光電業,上市
6743,安普新,其他電子業,上市
6753,龍德造船,航運業,上市
6754,匯僑設計,居家生活,上市
6756,威鋒電子,半導體業,上市
6768,志強-KY,運動休閒,上市
6770,力積電,半導體業,上市
6776,展碁國際,電子通路業,上市
6781,AES-KY,電子零組件業,上市
6782,視陽,生技醫療業,上市
6789,采鈺,半導體業,上市
6790,永豐實,造紙工業,上市
6792,詠業,通信網路業,上市
6796,晉弘,生技醫療業,上市
6799,來頡,半導體業,上市
6805,富世達,電子零組件業,上市
6806,森崴能源,綠能環保,上市
6807,峰源-KY,居家生活,上市
6830,汎銓,其他電子業,上市
6834,天二科技,電子零組件業,上市
6835,圓裕,電子零組件業,上市
6861,睿生光電,生技醫療業,上市
6863,永道-KY,通信網路業,上市
6869,雲豹能源,綠能環保,上市
6890,來億-KY,運動休閒,上市
6901,鑽石投資,其他業,上市
6906,現觀科,數位雲端,上市
6914,阜爾運通,其他業,上市
6916,華凌,光電業,上市
6928,攸泰科技,電腦及週邊設備業,上市
6933,AMAX-KY,電腦及週邊設備業,上市
6937,天虹,半導體業,上市
6952,大武山,其他業,上市
6957,裕慶-KY,其他業,上市
8011,台通,通信網路業,上市
8016,矽創,半導體業,上市
8021,尖點,其他電子業,上市
8028,昇陽半導體,半導體業,上市
8033,雷虎,其他業,上市
8039,台虹,電子零組件業,上市
8046,南電,電子零組件業,上市
8070,長華*,電子通路業,上市
8072,陞泰,電子通路業,上市
8081,致新,半導體業,上市
8101,華冠,通信網路業,上市
8103,瀚荃,電子零組件業,上市
8104,錸寶,光電業,上市
8105,凌巨,光電業,上市
8110,華東,半導體業,上市
8112,至上,電子通路業,上市
8114,振樺電,電腦及週邊設備業,上市
8131,福懋科,半導體業,上市
8150,南茂,半導體業,上市
8163,達方,電腦及週邊設備業,上市
8201,無敵,其他電子業,上市
8210,勤誠,電腦及週邊設備業,上市
8213,志超,電子零組件業,上市
8215,明基材,光電業,上市
8222,寶一,電機機械,上市
8249,菱光,電子零組件業,上市
8261,富鼎,半導體業,上市
8271,宇瞻,半導體業,上市
8341,日友,綠能環保,上市
8367,建新國際,航運業,上市
8374,羅昇,電機機械,上市
8404,百和興業-KY,其他業,上市
8411,福貞-KY,其他業,上市
8422,可寧衛,綠能環保,上市
8429,金麗-KY,貿易百貨業,上市
8438,昶昕,綠能環保,上市
8442,威宏-KY,其他業,上市
8443,阿瘦,貿易百貨業,上市
8454,富邦媒,數位雲端,上市
8462,柏文,運動休閒,上市
8463,潤泰材,其他業,上市
8464,億豐,居家生活,上市
8466,美吉吉-KY,其他業,上市
8467,波力-KY,運動休閒,上市
8473,山林水,綠能環保,上市
8476,台境,綠能環保,上市
8478,東哥遊艇,運動休閒,上市
8481,政伸,其他業,上市
8482,商億-KY,居家生活,上市
8488,吉源-KY,其他業,上市
8499,鼎炫-KY,其他電子業,上市
8926,台汽電,油電燃氣業,上市
8940,新天地,觀光餐旅,上市
8996,高力,電機機械,上市
9802,鈺齊-KY,運動休閒,上市
9902,台火,其他業,上市
9904,寶成,運動休閒,上市
9905,大華,其他業,上市
9906,欣巴巴,建材營造業,上市
9907,統一實,其他業,上市
9908,大台北,油電燃氣業,上市
9910,豐泰,運動休閒,上市
9911,櫻花,居家生活,上市
9912,偉聯,電腦及週邊設備業,上市
9914,美利達,運動休閒,上市
9917,中保科,其他業,上市
9918,欣天然,油電燃氣業,上市
9919,康那香,其他業,上市
9921,巨大,運動休閒,上市
9924,福興,居家生活,上市
9925,新保,其他業,上市
9926,新海,油電燃氣業,上市
9927,泰銘,其他業,上市
9928,中視,其他業,上市
9929,秋雨,其他業,上市
9930,中聯資源,綠能環保,上市
9931,欣高,油電燃氣業,上市
9933,中鼎,其他業,上市
9934,成霖,居家生活,上市
9935,慶豐富,居家生活,上市
9937,全國,油電燃氣業,上市
9938,百和,其他業,上市
9939,宏全,其他業,上市
9940,信義,其他業,上市
9941,裕融,其他業,上市
9942,茂順,其他業,上市
9943,好樂迪,觀光餐旅,上市
9944,新麗,其他業,上市
9945,潤泰新,其他業,上市
9946,三發地產,建材營造業,上市
9955,佳龍,綠能環保,上市
9958,世紀鋼,鋼鐵工業,上市
2254,巨鎧精密-創,汽車工業,上市臺灣創新板
2258,鴻華先進-創,汽車工業,上市臺灣創新板
2432,倚天酷碁-創,電腦及週邊設備業,上市臺灣創新板
3150,鈺寶-創,半導體業,上市臺灣創新板
6423,億而得-創,半導體業,上市臺灣創新板
6534,正瀚-創,生技醫療業,上市臺灣創新板
6645,金萬林-創,生技醫療業,上市臺灣創新板
6757,台灣虎航-創,航運業,上市臺灣創新板
6771,平和環保-創,綠能環保,上市臺灣創新板
6794,向榮生技-創,生技醫療業,上市臺灣創新板
6854,錼創科技-KY創,半導體業,上市臺灣創新板
6873,泓德能源-創,綠能環保,上市臺灣創新板
6902,走著瞧-創,數位雲端,上市臺灣創新板
6949,沛爾生醫-創,生技醫療業,上市臺灣創新板
6951,青新-創,綠能環保,上市臺灣創新板
8162,微矽電子-創,半導體業,上市臺灣創新板
8487,愛爾達-創,數位雲端,上市臺灣創新板
0050,元大台灣50,,上市
0051,元大中型100,,上市
0052,富邦科技,,上市
0053,元大電子,,上市
0055,元大MSCI金融,,上市
0056,元大高股息,,上市
0057,富邦摩台,,上市
0061,元大寶滬深,,上市
9103,美德醫療-DR,,上市
9105,泰金寶-DR,,上市
9110,越南控-DR,,上市
9136,巨騰-DR,,上市
1240,茂生農經,農業科技業,上櫃
1259,安心,觀光餐旅,上櫃
1264,德麥,食品工業,上櫃
1268,漢來美食,觀光餐旅,上櫃
1336,台翰,電子零組件業,上櫃
1565,精華,生技醫療業,上櫃
1569,濱川,電腦及週邊設備業,上櫃
1570,力肯,電機機械,上櫃
1580,新麥,電機機械,上櫃
1584,精剛,其他業,上櫃
1586,和勤,電機機械,上櫃
1591,駿吉-KY,電機機械,上櫃
1593,祺驊,運動休閒,上櫃
1595,川寶,電子零組件業,上櫃
1599,宏佳騰,電機機械,上櫃
1742,台蠟,化學工業,上櫃
1777,生泰,生技醫療業,上櫃
1781,合世,生技醫療業,上櫃
1784,訊聯,生技醫療業,上櫃
1785,光洋科,其他電子業,上櫃
1788,杏昌,生技醫療業,上櫃
1796,金穎生技,食品工業,上櫃
1799,易威,生技醫療業,上櫃
1813,寶利徠,生技醫療業,上櫃
1815,富喬,電子零組件業,上櫃
2035,唐榮,鋼鐵工業,上櫃
2061,風青,電器電纜,上櫃
2063,世鎧,鋼鐵工業,上櫃
2064,晉椿,鋼鐵工業,上櫃
2065,世豐,鋼鐵工業,上櫃
2066,世德,電機機械,上櫃
2067,嘉鋼,電機機械,上櫃
2070,精湛,電機機械,上櫃
2073,雄順,鋼鐵工業,上櫃
2221,大甲,其他業,上櫃
2230,泰茂,電機機械,上櫃
2235,謚源,電機機械,上櫃
2596,綠意,建材營造業,上櫃
2640,大車隊,數位雲端,上櫃
2641,正德,航運業,上櫃
2643,捷迅,航運業,上櫃
2718,晶悅,建材營造業,上櫃
2719,燦星旅,觀光餐旅,上櫃
2724,藝舍-KY,觀光餐旅,上櫃
2726,雅茗-KY,觀光餐旅,上櫃
2729,瓦城,觀光餐旅,上櫃
2732,六角,觀光餐旅,上櫃
2734,易飛網,觀光餐旅,上櫃
2736,富野,觀光餐旅,上櫃
2740,天蔥,觀光餐旅,上櫃
2743,山富,觀光餐旅,上櫃
2745,五福,觀光餐旅,上櫃
2752,豆府,觀光餐旅,上櫃
2754,亞洲藏壽司,觀光餐旅,上櫃
2755,揚秦,觀光餐旅,上櫃
2756,聯發國際,觀光餐旅,上櫃
2916,滿心,居家生活,上櫃
2924,宏太-KY,居家生活,上櫃
2926,誠品生活,文化創意業,上櫃
2937,集雅社,居家生活,上櫃
2941,米斯特,居家生活,上櫃
2947,振宇五金,居家生活,上櫃
2948,寶陞,居家生活,上櫃
2949,欣新網,數位雲端,上櫃
3064,泰偉,文化創意業,上櫃
3066,李洲,光電業,上櫃
3067,全域,其他電子業,上櫃
3071,協禧,電腦及週邊設備業,上櫃
3073,天方能源,綠能環保,上櫃
3078,僑威,電子零組件業,上櫃
3081,聯亞,通信網路業,上櫃
3083,網龍,文化創意業,上櫃
3085,新零售,數位雲端,上櫃
3086,華義,文化創意業,上櫃
3088,艾訊,電腦及週邊設備業,上櫃
3093,港建*,其他電子業,上櫃
3095,及成,通信網路業,上櫃
3105,穩懋,半導體業,上櫃
3114,好德,電子零組件業,上櫃
3115,富榮綱,電子零組件業,上櫃
3118,進階,生技醫療業,上櫃
3122,笙泉,半導體業,上櫃
3128,昇銳,光電業,上櫃
3131,弘塑,其他電子業,上櫃
3141,晶宏,半導體業,上櫃
3147,大綜,資訊服務業,上櫃
3152,璟德,通信網路業,上櫃
3162,精確,電機機械,上櫃
3163,波若威,通信網路業,上櫃
3169,亞信,半導體業,上櫃
3171,新洲,居家生活,上櫃
3176,基亞,生技醫療業,上櫃
3178,公準,半導體業,上櫃
3188,鑫龍騰,建材營造業,上櫃
3191,雲嘉南,電子零組件業,上櫃
3202,樺晟,電子零組件業,上櫃
3205,佰研,生技醫療業,上櫃
3206,志豐,電子零組件業,上櫃
3207,耀勝,電子零組件業,上櫃
3211,順達,電腦及週邊設備業,上櫃
3213,茂訊,電腦及週邊設備業,上櫃
3217,優群,電子零組件業,上櫃
3218,大學光,生技醫療業,上櫃
3219,倚強科,其他電子業,上櫃
3221,台嘉碩,通信網路業,上櫃
3224,三顧,電子通路業,上櫃
3226,至寶電,電機機械,上櫃
3227,原相,半導體業,上櫃
3228,金麗科,半導體業,上櫃
3230,錦明,光電業,上櫃
3232,昱捷,電子通路業,上櫃
3234,光環,通信網路業,上櫃
3236,千如,電子零組件業,上櫃
3252,海灣,觀光餐旅,上櫃
3259,鑫創,半導體業,上櫃
3260,威剛,半導體業,上櫃
3264,欣銓,半導體業,上櫃
3265,台星科,半導體業,上櫃
3268,海德威,半導體業,上櫃
3272,東碩,電腦及週邊設備業,上櫃
3276,宇環,電子零組件業,上櫃
3284,太普高,其他業,上櫃
3285,微端,其他電子業,上櫃
3287,廣寰科,電腦及週邊設備業,上櫃
3288,點晶,電子零組件業,上櫃
3289,宜特,其他電子業,上櫃
3290,東浦,電子零組件業,上櫃
3293,鈊象,文化創意業,上櫃
3294,英濟,電子零組件業,上櫃
3297,杭特,光電業,上櫃
3303,岱稜,其他電子業,上櫃
3306,鼎天,通信網路業,上櫃
3310,佳穎,電子零組件業,上櫃
3313,斐成,其他業,上櫃
3317,尼克森,半導體業,上櫃
3322,建舜電,電子零組件業,上櫃
3323,加百裕,電腦及週邊設備業,上櫃
3324,雙鴻,其他電子業,上櫃
3325,旭品,電腦及週邊設備業,上櫃
3332,幸康,電子零組件業,上櫃
3339,泰谷,光電業,上櫃
3349,寶德,電腦及週邊設備業,上櫃
3354,律勝,電子零組件業,上櫃
3357,臺慶科,電子零組件業,上櫃
3360,尚立,電子通路業,上櫃
3362,先進光,光電業,上櫃
3363,上詮,通信網路業,上櫃
3372,典範,半導體業,上櫃
3373,熱映,其他電子業,上櫃
3374,精材,半導體業,上櫃
3379,彬台,電機機械,上櫃
3388,崇越電,電子零組件業,上櫃
3390,旭軟,電子零組件業,上櫃
3402,漢科,其他電子業,上櫃
3426,台興,電機機械,上櫃
3430,奇鈦科,化學工業,上櫃
3434,哲固,光電業,上櫃
3438,類比科,半導體業,上櫃
3441,聯一光,光電業,上櫃
3444,利機,電子通路業,上櫃
3455,由田,光電業,上櫃
3465,進泰電子,其他電子業,上櫃
3466,德晉,通信網路業,上櫃
3479,安勤,電腦及週邊設備業,上櫃
3483,力致,電腦及週邊設備業,上櫃
3484,崧騰,電子零組件業,上櫃
3489,森寶,建材營造業,上櫃
3490,單井,光電業,上櫃
3491,昇達科,通信網路業,上櫃
3492,長盛,電子零組件業,上櫃
3498,陽程,其他電子業,上櫃
3499,環天科,通信網路業,上櫃
3508,位速,其他電子業,上櫃
3511,矽瑪,電子零組件業,上櫃
3512,皇龍,建材營造業,上櫃
3516,亞帝歐,光電業,上櫃
3520,華盈,電子零組件業,上櫃
3521,鴻翊,電腦及週邊設備業,上櫃
3522,御頂,觀光餐旅,上櫃
3523,迎輝,光電業,上櫃
3526,凡甲,電子零組件業,上櫃
3527,聚積,半導體業,上櫃
3529,力旺,半導體業,上櫃
3531,先益,光電業,上櫃
3537,堡達,電子零組件業,上櫃
3540,曜越,電腦及週邊設備業,上櫃
3541,西柏,其他電子業,上櫃
3546,宇峻,文化創意業,上櫃
3548,兆利,電子零組件業,上櫃
3551,世禾,綠能環保,上櫃
3552,同致,其他電子業,上櫃
3555,博士旺,半導體業,上櫃
3556,禾瑞亞,半導體業,上櫃
3558,神準,通信網路業,上櫃
3564,其陽,通信網路業,上櫃
3567,逸昌,半導體業,上櫃
3570,大塚,資訊服務業,上櫃
3577,泓格,電腦及週邊設備業,上櫃
3580,友威科,其他電子業,上櫃
3581,博磊,半導體業,上櫃
3587,閎康,其他電子業,上櫃
3594,磐儀,電腦及週邊設備業,上櫃
3597,映興,電子零組件業,上櫃
3609,三一東林,電子零組件業,上櫃
3611,鼎翰,電腦及週邊設備業,上櫃
3615,安可,光電業,上櫃
3623,富晶通,光電業,上櫃
3624,光頡,電子零組件業,上櫃
3625,西勝,電腦及週邊設備業,上櫃
3628,盈正,其他電子業,上櫃
3629,地心引力,文化創意業,上櫃
3630,新鉅科,光電業,上櫃
3631,晟楠,電子零組件業,上櫃
3632,研勤,通信網路業,上櫃
3646,艾恩特,電子零組件業,上櫃
3663,鑫科,其他電子業,上櫃
3664,安瑞-KY,通信網路業,上櫃
3666,光耀,光電業,上櫃
3672,康聯訊,通信網路業,上櫃
3675,德微,半導體業,上櫃
3680,家登,半導體業,上櫃
3684,榮昌,通信網路業,上櫃
3685,元創精密,電機機械,上櫃
3687,歐買尬,數位雲端,上櫃
3689,湧德,電子零組件業,上櫃
3691,碩禾,光電業,上櫃
3693,營邦,電腦及週邊設備業,上櫃
3707,漢磊,半導體業,上櫃
3709,鑫聯大投控,電腦及週邊設備業,上櫃
3710,連展投控,電子零組件業,上櫃
3713,新晶投控,綠能環保,上櫃
4102,永日,生技醫療業,上櫃
4105,東洋,生技醫療業,上櫃
4107,邦特,生技醫療業,上櫃
4109,加捷生醫,生技醫療業,上櫃
4111,濟生,生技醫療業,上櫃
4113,聯上,建材營造業,上櫃
4114,健喬,生技醫療業,上櫃
4116,明基醫,生技醫療業,上櫃
4120,友華,生技醫療業,上櫃
4121,優盛,生技醫療業,上櫃
4123,晟德,生技醫療業,上櫃
4126,太醫,生技醫療業,上櫃
4127,天良,生技醫療業,上櫃
4128,中天,生技醫療業,上櫃
4129,聯合,生技醫療業,上櫃
4130,健亞,生技醫療業,上櫃
4131,浩泰,生技醫療業,上櫃
4138,曜亞,生技醫療業,上櫃
4139,馬光-KY,生技醫療業,上櫃
4147,中裕,生技醫療業,上櫃
4153,鈺緯,生技醫療業,上櫃
4154,樂威科-KY,其他業,上櫃
4157,太景*-KY,生技醫療業,上櫃
4160,訊聯基因,生技醫療業,上櫃
4161,聿新科,生技醫療業,上櫃
4162,智擎,生技醫療業,上櫃
4163,鐿鈦,生技醫療業,上櫃
4167,松瑞藥,生技醫療業,上櫃
4168,醣聯,生技醫療業,上櫃
4171,瑞基,農業科技業,上櫃
4173,久裕,生技醫療業,上櫃
4174,浩鼎,生技醫療業,上櫃
4175,杏一,生技醫療業,上櫃
4183,福永生技,生技醫療業,上櫃
4188,安克,生技醫療業,上櫃
4192,杏國,生技醫療業,上櫃
4198,欣大健康,生技醫療業,上櫃
4205,中華食,食品工業,上櫃
4207,環泰,食品工業,上櫃
4303,信立,塑膠工業,上櫃
4304,勝昱,塑膠工業,上櫃
4305,世坤,塑膠工業,上櫃
4401,東隆興,紡織纖維,上櫃
4402,福大,紡織纖維,上櫃
4406,新昕纖,紡織纖維,上櫃
4413,飛寶企業,紡織纖維,上櫃
4416,三圓,建材營造業,上櫃
4417,金洲,紡織纖維,上櫃
4419,皇家美食,觀光餐旅,上櫃
4420,光明,紡織纖維,上櫃
4430,耀億,其他業,上櫃
4432,銘旺實,紡織纖維,上櫃
4433,興采,紡織纖維,上櫃
4442,竣邦-KY,紡織纖維,上櫃
4502,健信,電機機械,上櫃
4503,金雨,電機機械,上櫃
4506,崇友,電機機械,上櫃
4510,高鋒,電機機械,上櫃
4513,福裕,電機機械,上櫃
4523,永彰,電機機械,上櫃
4527,方土霖,電機機械,上櫃
4528,江興鍛,電機機械,上櫃
4529,淳紳,其他業,上櫃
4530,宏易,觀光餐旅,上櫃
4533,協易機,電機機械,上櫃
4534,慶騰,電機機械,上櫃
4535,至興,電機機械,上櫃
4538,大詠城,電機機械,上櫃
4541,晟田,其他業,上櫃
4542,科嶠,電子零組件業,上櫃
4543,萬在,電機機械,上櫃
4549,桓達,電機機械,上櫃
4550,長佳,電機機械,上櫃
4554,橙的,其他電子業,上櫃
4556,旭然,其他業,上櫃
4558,寶緯,電機機械,上櫃
4561,健椿,電機機械,上櫃
4563,百德,電機機械,上櫃
4568,科際精密,電機機械,上櫃
4577,達航科技,其他電子業,上櫃
4580,捷流閥業,電機機械,上櫃
4584,君帆,電機機械,上櫃
4609,唐鋒,居家生活,上櫃
4702,中美實,居家生活,上櫃
4706,大恭,化學工業,上櫃
4707,磐亞,化學工業,上櫃
4711,永純,化學工業,上櫃
4712,福格創新,其他業,上櫃
4714,永捷,化學工業,上櫃
4716,大立,化學工業,上櫃
4721,美琪瑪,化學工業,上櫃
4726,永昕,生技醫療業,上櫃
4728,雙美,生技醫療業,上櫃
4729,熒茂,光電業,上櫃
4735,豪展,生技醫療業,上櫃
4741,泓瀚,化學工業,上櫃
4743,合一,生技醫療業,上櫃
4744,皇將,生技醫療業,上櫃
4745,合富-KY,生技醫療業,上櫃
4747,強生,生技醫療業,上櫃
4754,國碳科,化學工業,上櫃
4760,勤凱,其他電子業,上櫃
4767,誠泰科技,化學工業,上櫃
4768,晶呈科技,化學工業,上櫃
4804,大略-KY,觀光餐旅,上櫃
4806,昇華,文化創意業,上櫃
4903,聯光通,通信網路業,上櫃
4905,台聯電,通信網路業,上櫃
4907,富宇,建材營造業,上櫃
4908,前鼎,通信網路業,上櫃
4909,新復興,通信網路業,上櫃
4911,德英,生技醫療業,上櫃
4923,力士,半導體業,上櫃
4924,欣厚-KY,電腦及週邊設備業,上櫃
4931,新盛力,電腦及週邊設備業,上櫃
4933,友輝,光電業,上櫃
4939,亞電,電子零組件業,上櫃
4945,陞達科技,半導體業,上櫃
4946,辣椒,文化創意業,上櫃
4950,牧東,其他業,上櫃
4951,精拓科,半導體業,上櫃
4953,緯軟,資訊服務業,上櫃
4966,譜瑞-KY,半導體業,上櫃
4971,IET-KY,半導體業,上櫃
4972,湯石照明,光電業,上櫃
4973,廣穎,半導體業,上櫃
4974,亞泰,電子零組件業,上櫃
4979,華星光,通信網路業,上櫃
4987,科誠,電腦及週邊設備業,上櫃
4991,環宇-KY,半導體業,上櫃
4995,晶達,光電業,上櫃
5009,榮剛,鋼鐵工業,上櫃
5011,久陽,鋼鐵工業,上櫃
5013,強新,鋼鐵工業,上櫃
5014,建錩,鋼鐵工業,上櫃
5015,華祺,鋼鐵工業,上櫃
5016,松和,鋼鐵工業,上櫃
5201,凱衛,資訊服務業,上櫃
5202,力新,資訊服務業,上櫃
5205,中茂,綠能環保,上櫃
5206,坤悅,建材營造業,上櫃
5209,新鼎,其他業,上櫃
5210,寶碩,資訊服務業,上櫃
5211,蒙恬,資訊服務業,上櫃
5212,凌網,資訊服務業,上櫃
5213,亞昕,建材營造業,上櫃
5220,萬達光電,光電業,上櫃
5223,安力-KY,電腦及週邊設備業,上櫃
5227,立凱-KY,電子零組件業,上櫃
5228,鈺鎧,電子零組件業,上櫃
5230,雷笛克光學,光電業,上櫃
5236,凌陽創新,半導體業,上櫃
5245,智晶,光電業,上櫃
5251,天鉞電,光電業,上櫃
5263,智崴,文化創意業,上櫃
5272,笙科,半導體業,上櫃
5274,信驊,半導體業,上櫃
5276,達輝-KY,其他業,上櫃
5278,尚凡,數位雲端,上櫃
5287,數字,數位雲端,上櫃
5289,宜鼎,電腦及週邊設備業,上櫃
5291,邑昇,電子零組件業,上櫃
5299,杰力,半導體業,上櫃
5301,寶得利,觀光餐旅,上櫃
5302,太欣,半導體業,上櫃
5309,系統電,電子零組件業,上櫃
5310,天剛,資訊服務業,上櫃
5312,寶島科,生技醫療業,上櫃
5314,世紀,半導體業,上櫃
5315,光聯,光電業,上櫃
5321,美而快,數位雲端,上櫃
5324,士開,建材營造業,上櫃
5328,華容,電子零組件業,上櫃
5340,建榮,電子零組件業,上櫃
5344,立衛,半導體業,上櫃
5345,天揚,其他業,上櫃
5347,世界,半導體業,上櫃
5348,正能量智能,通信網路業,上櫃
5351,鈺創,半導體業,上櫃
5353,台林,通信網路業,上櫃
5355,佳總,電子零組件業,上櫃
5356,協益,電腦及週邊設備業,上櫃
5364,力麗店,觀光餐旅,上櫃
5371,中光電,光電業,上櫃
5381,合正,電子零組件業,上櫃
5386,青雲,電腦及週邊設備業,上櫃
5392,能率,光電業,上櫃
5398,慕康生醫,其他業,上櫃
5403,中菲,資訊服務業,上櫃
5410,國眾,資訊服務業,上櫃
5425,台半,半導體業,上櫃
5426,振發,電腦及週邊設備業,上櫃
5432,新門,綠能環保,上櫃
5438,東友,電腦及週邊設備業,上櫃
5439,高技,電子零組件業,上櫃
5443,均豪,光電業,上櫃
5450,南良,其他業,上櫃
5452,佶優,其他電子業,上櫃
5455,昇益,建材營造業,上櫃
5457,宣德,電子零組件業,上櫃
5460,同協,電子零組件業,上櫃
5464,霖宏,電子零組件業,上櫃
5465,富驊,電腦及週邊設備業,上櫃
5468,凱鈺,半導體業,上櫃
5474,聰泰,電腦及週邊設備業,上櫃
5475,德宏,電子零組件業,上櫃
5478,智冠,文化創意業,上櫃
5481,新華,其他業,上櫃
5483,中美晶,半導體業,上櫃
5487,通泰,半導體業,上櫃
5488,松普,電子零組件業,上櫃
5489,彩富,其他電子業,上櫃
5490,同亨,電腦及週邊設備業,上櫃
5493,三聯,其他電子業,上櫃
5498,凱崴,電子零組件業,上櫃
5508,永信建,建材營造業,上櫃
5511,德昌,建材營造業,上櫃
5512,力麒,建材營造業,上櫃
5514,三豐,建材營造業,上櫃
5516,雙喜,建材營造業,上櫃
5520,力泰,建材營造業,上櫃
5523,豐謙,建材營造業,上櫃
5529,鉅陞,建材營造業,上櫃
5530,龍巖,其他業,上櫃
5536,聖暉*,其他電子業,上櫃
5543,桓鼎-KY,建材營造業,上櫃
5548,安倉,建材營造業,上櫃
5601,台聯櫃,航運業,上櫃
5603,陸海,航運業,上櫃
5604,中連,其他業,上櫃
5609,中菲行,航運業,上櫃
5701,劍湖山,觀光餐旅,上櫃
5703,亞都,觀光餐旅,上櫃
5704,老爺知,觀光餐旅,上櫃
5864,致和證,金融保險業,上櫃
5878,台名,金融保險業,上櫃
5902,德記,居家生活,上櫃
5903,全家,居家生活,上櫃
5904,寶雅,居家生活,上櫃
5905,南仁湖,觀光餐旅,上櫃
6015,宏遠證,金融保險業,上櫃
6016,康和證,金融保險業,上櫃
6020,大展證,金融保險業,上櫃
6021,美好證,金融保險業,上櫃
6023,元大期,金融保險業,上櫃
6026,福邦證,金融保險業,上櫃
6101,寬魚國際,文化創意業,上櫃
6103,合邦,半導體業,上櫃
6104,創惟,半導體業,上櫃
6109,亞元,通信網路業,上櫃
6111,大宇資,文化創意業,上櫃
6113,亞矽,電子通路業,上櫃
6114,久威,電子零組件業,上櫃
6118,建達,電子通路業,上櫃
6121,新普,電腦及週邊設備業,上櫃
6122,擎邦,電機機械,上櫃
6123,上奇,資訊服務業,上櫃
6124,業強,電子零組件業,上櫃
6125,廣運,光電業,上櫃
6126,信音,電子零組件業,上櫃
6127,九豪,電子零組件業,上櫃
6129,普誠,半導體業,上櫃
6130,上亞科技,生技醫療業,上櫃
6134,萬旭,電子零組件業,上櫃
6138,茂達,半導體業,上櫃
6140,訊達,資訊服務業,上櫃
6143,振曜,通信網路業,上櫃
6144,得利影,文化創意業,上櫃
6146,耕興,其他電子業,上櫃
6147,頎邦,半導體業,上櫃
6148,驊宏資,資訊服務業,上櫃
6150,撼訊,電腦及週邊設備業,上櫃
6151,晉倫,其他電子業,上櫃
6154,順發,電子通路業,上櫃
6156,松上,電子零組件業,上櫃
6158,禾昌,電子零組件業,上櫃
6160,欣技,電腦及週邊設備業,上櫃
6161,捷波,電腦及週邊設備業,上櫃
6163,華電網,通信網路業,上櫃
6167,久正,光電業,上櫃
6169,昱泉,文化創意業,上櫃
6170,統振,通信網路業,上櫃
6171,大城地產,建材營造業,上櫃
6173,信昌電,電子零組件業,上櫃
6174,安碁,電子零組件業,上櫃
6175,立敦,電子零組件業,上櫃
6179,亞通,其他業,上櫃
6180,橘子,文化創意業,上櫃
6182,合晶,半導體業,上櫃
6185,幃翔,電子零組件業,上櫃
6186,新潤,建材營造業,上櫃
6187,萬潤,其他電子業,上櫃
6188,廣明,電腦及週邊設備業,上櫃
6190,萬泰科,通信網路業,上櫃
6194,育富,電子零組件業,上櫃
6195,詩肯,居家生活,上櫃
6198,瑞築,建材營造業,上櫃
6199,天品,其他業,上櫃
6203,海韻電,電子零組件業,上櫃
6204,艾華,電子零組件業,上櫃
6207,雷科,電子零組件業,上櫃
6208,日揚,電子零組件業,上櫃
6210,慶生,電子零組件業,上櫃
6212,理銘,建材營造業,上櫃
6217,中探針,電子零組件業,上櫃
6218,豪勉,通信網路業,上櫃
6219,富旺,建材營造業,上櫃
6220,岳豐,電子零組件業,上櫃
6221,晉泰,資訊服務業,上櫃
6222,上揚,光電業,上櫃
6223,旺矽,半導體業,上櫃
6227,茂綸,電子通路業,上櫃
6228,全譜,電腦及週邊設備業,上櫃
6229,研通,半導體業,上櫃
6231,系微,資訊服務業,上櫃
6233,旺玖,半導體業,上櫃
6234,高僑,光電業,上櫃
6236,中湛,其他業,上櫃
6237,驊訊,半導體業,上櫃
6240,松崗,其他業,上櫃
6241,易通展,通信網路業,上櫃
6242,立康,生技醫療業,上櫃
6244,茂迪,光電業,上櫃
6245,立端,通信網路業,上櫃
6246,臺龍,光電業,上櫃
6248,沛波,鋼鐵工業,上櫃
6259,百徽,電子零組件業,上櫃
6261,久元,半導體業,上櫃
6263,普萊德,通信網路業,上櫃
6264,富裔,建材營造業,上櫃
6265,方土昶,電子通路業,上櫃
6266,泰詠,電子零組件業,上櫃
6270,倍微,電子通路業,上櫃
6274,台燿,電子零組件業,上櫃
6275,元山,電子零組件業,上櫃
6276,安鈦克,電腦及週邊設備業,上櫃
6279,胡連,電子零組件業,上櫃
6284,佳邦,電子零組件業,上櫃
6287,元隆,半導體業,上櫃
6290,良維,電子零組件業,上櫃
6291,沛亨,半導體業,上櫃
6292,迅德,電子零組件業,上櫃
6294,智基,文化創意業,上櫃
6411,晶焱,半導體業,上櫃
6417,韋僑,通信網路業,上櫃
6418,詠昇,電子零組件業,上櫃
6419,京晨科,光電業,上櫃
6425,易發,電機機械,上櫃
6432,今展科,電子零組件業,上櫃
6435,大中,半導體業,上櫃
6441,廣錠,電腦及週邊設備業,上櫃
6457,紘康,半導體業,上櫃
6461,益得,生技醫療業,上櫃
6462,神盾,半導體業,上櫃
6465,威潤,通信網路業,上櫃
6469,大樹,生技醫療業,上櫃
6470,宇智,通信網路業,上櫃
6482,弘煜科,文化創意業,上櫃
6485,點序,半導體業,上櫃
6486,互動,通信網路業,上櫃
6488,環球晶,半導體業,上櫃
6492,生華科,生技醫療業,上櫃
6494,九齊,半導體業,上櫃
6496,科懋,生技醫療業,上櫃
6499,益安,生技醫療業,上櫃
6506,雙邦,紡織纖維,上櫃
6508,惠光,農業科技業,上櫃
6509,聚和,化學工業,上櫃
6510,精測,半導體業,上櫃
6512,啟發電,其他電子業,上櫃
6514,芮特-KY,通信網路業,上櫃
6516,勤崴國際,資訊服務業,上櫃
6517,保勝光學,光電業,上櫃
6523,達爾膚,生技醫療業,上櫃
6527,明達醫,生技醫療業,上櫃
6530,創威,通信網路業,上櫃
6532,瑞耘,半導體業,上櫃
6535,順藥,生技醫療業,上櫃
6538,倉和,電子零組件業,上櫃
6542,隆中,文化創意業,上櫃
6546,正基,通信網路業,上櫃
6547,高端疫苗,生技醫療業,上櫃
6548,長科*,半導體業,上櫃
6556,勝品,光電業,上櫃
6560,欣普羅,光電業,上櫃
6561,是方,通信網路業,上櫃
6568,宏觀,半導體業,上櫃
6569,醫揚,生技醫療業,上櫃
6570,維田,電腦及週邊設備業,上櫃
6574,霈方,生技醫療業,上櫃
6576,逸達,生技醫療業,上櫃
6577,勁豐,電腦及週邊設備業,上櫃
6578,達邦蛋白,農業科技業,上櫃
6584,南俊國際,電子零組件業,上櫃
6588,東典光電,通信網路業,上櫃
6589,台康生技,生技醫療業,上櫃
6590,普鴻,資訊服務業,上櫃
6593,台灣銘板,資訊服務業,上櫃
6596,寬宏藝術,文化創意業,上櫃
6603,富強鑫,電機機械,上櫃
6609,瀧澤科,電機機械,上櫃
6612,奈米醫材,生技醫療業,上櫃
6613,朋億*,其他電子業,上櫃
6615,慧智,生技醫療業,上櫃
6616,特昇-KY,居家生活,上櫃
6617,共信-KY,生技醫療業,上櫃
6624,萬年清,綠能環保,上櫃
6629,泰金-KY,居家生活,上櫃
6637,醫影,生技醫療業,上櫃
6640,均華,半導體業,上櫃
6642,富致,電子零組件業,上櫃
6643,M31,半導體業,上櫃
6649,台生材,生技醫療業,上櫃
6651,全宇昕,半導體業,上櫃
6654,天正國際,其他電子業,上櫃
6661,威健生技,生技醫療業,上櫃
6662,樂斯科,生技醫療業,上櫃
6664,群翊,電子零組件業,上櫃
6667,信紘科,其他電子業,上櫃
6679,鈺太,半導體業,上櫃
6680,鑫創電子,電腦及週邊設備業,上櫃
6683,雍智科技,半導體業,上櫃
6684,安格,半導體業,上櫃
6690,安碁資訊,數位雲端,上櫃
6692,進能服,綠能環保,上櫃
6693,廣閎科,半導體業,上櫃
6697,東捷資訊,資訊服務業,上櫃
6703,軒郁,生技醫療業,上櫃
6708,天擎,半導體業,上櫃
6712,長聖,生技醫療業,上櫃
6716,應廣,半導體業,上櫃
6721,信實,其他業,上櫃
6727,亞泰金屬,電子零組件業,上櫃
6728,上洋,居家生活,上櫃
6732,昇佳電子,半導體業,上櫃
6733,博晟生醫,生技醫療業,上櫃
6735,美達科技,其他電子業,上櫃
6741,91APP*-KY,數位雲端,上櫃
6747,亨泰光,生技醫療業,上櫃
6751,智聯服務,資訊服務業,上櫃
6752,叡揚,資訊服務業,上櫃
6761,穩得,電子零組件業,上櫃
6762,達亞,生技醫療業,上櫃
6763,綠界科技,數位雲端,上櫃
6767,台微醫,生技醫療業,上櫃
6785,昱展新藥,生技醫療業,上櫃
6788,華景電,半導體業,上櫃
6791,虎門科技,資訊服務業,上櫃
6803,崑鼎,綠能環保,上櫃
6804,明係,運動休閒,上櫃
6811,宏碁資訊,數位雲端,上櫃
6821,聯寶,電子零組件業,上櫃
6823,濾能,半導體業,上櫃
6829,千附精密,電機機械,上櫃
6840,東研信超,其他電子業,上櫃
6841,長佳智能,生技醫療業,上櫃
6843,進典,電機機械,上櫃
6844,諾貝兒,生技醫療業,上櫃
6846,綠茵,食品工業,上櫃
6855,數泓科,其他電子業,上櫃
6856,鑫傳,文化創意業,上櫃
6859,伯特光,光電業,上櫃
6865,偉康科技,數位雲端,上櫃
6870,騰雲,數位雲端,上櫃
6874,倍力,資訊服務業,上櫃
6875,國邑*,生技醫療業,上櫃
6877,鏵友益,其他電子業,上櫃
6881,潤德,其他業,上櫃
6894,衛司特,綠能環保,上櫃
6895,宏碩系統,半導體業,上櫃
6899,創為精密,光電業,上櫃
6903,巨漢,其他電子業,上櫃
6904,伯鑫,其他業,上櫃
6922,宸曜,電腦及週邊設備業,上櫃
6929,佑全,生技醫療業,上櫃
6953,家碩,半導體業,上櫃
7402,邑錡,光電業,上櫃
7556,意德士,半導體業,上櫃
8024,佑華,半導體業,上櫃
8027,鈦昇,電機機械,上櫃
8032,光菱,電子通路業,上櫃
8034,榮群,通信網路業,上櫃
8038,長園科,電子零組件業,上櫃
8040,九暘,半導體業,上櫃
8042,金山電,電子零組件業,上櫃
8043,蜜望實,電子零組件業,上櫃
8044,網家,數位雲端,上櫃
8047,星雲,其他電子業,上櫃
8048,德勝,通信網路業,上櫃
8049,晶采,光電業,上櫃
8050,廣積,電腦及週邊設備業,上櫃
8054,安國,半導體業,上櫃
8059,凱碩,通信網路業,上櫃
8064,東捷,光電業,上櫃
8066,來思達,居家生活,上櫃
8067,志旭,電子通路業,上櫃
8068,全達,電子通路業,上櫃
8069,元太,光電業,上櫃
8071,能率網通,電子零組件業,上櫃
8074,鉅橡,電子零組件業,上櫃
8076,伍豐,電腦及週邊設備業,上櫃
8077,洛碁,觀光餐旅,上櫃
8080,印鉐,建材營造業,上櫃
8083,瑞穎,電機機械,上櫃
8084,巨虹,電子通路業,上櫃
8085,福華,其他電子業,上櫃
8086,宏捷科,半導體業,上櫃
8087,華鎂鑫,綠能環保,上櫃
8088,品安,半導體業,上櫃
8089,康全電訊,通信網路業,上櫃
8091,翔名,半導體業,上櫃
8092,建暐,其他電子業,上櫃
8093,保銳,電子零組件業,上櫃
8096,擎亞,電子通路業,上櫃
8097,常珵,通信網路業,上櫃
8099,大世科,資訊服務業,上櫃
8107,大億金茂,電機機械,上櫃
8109,博大,電子零組件業,上櫃
8111,立碁,光電業,上櫃
8121,越峰,電子零組件業,上櫃
8147,正淩,電子零組件業,上櫃
8155,博智,電子零組件業,上櫃
8171,天宇,綠能環保,上櫃
8176,智捷,通信網路業,上櫃
8182,加高,電子零組件業,上櫃
8183,精星,其他電子業,上櫃
8227,巨有科技,半導體業,上櫃
8234,新漢,電腦及週邊設備業,上櫃
8240,華宏,光電業,上櫃
8255,朋程,電機機械,上櫃
8277,商丞,半導體業,上櫃
8279,生展,生技醫療業,上櫃
8284,三竹,資訊服務業,上櫃
8289,泰藝,電子零組件業,上櫃
8291,尚茂,電子零組件業,上櫃
8299,群聯,半導體業,上櫃
8342,益張,其他業,上櫃
8349,恒耀,鋼鐵工業,上櫃
8354,冠好,其他業,上櫃
8358,金居,電子零組件業,上櫃
8383,千附,其他電子業,上櫃
8390,金益鼎,綠能環保,上櫃
8401,白紗科,其他業,上櫃
8403,盛弘,生技醫療業,上櫃
8409,商之器,生技醫療業,上櫃
8410,森田,電腦及週邊設備業,上櫃
8415,大國鋼,鋼鐵工業,上櫃
8416,實威,資訊服務業,上櫃
8420,明揚,運動休閒,上櫃
8421,旭源,其他業,上櫃
8423,保綠-KY,綠能環保,上櫃
8424,惠普,建材營造業,上櫃
8426,紅木-KY,其他業,上櫃
8431,匯鑽科,其他電子業,上櫃
8432,東生華,生技醫療業,上櫃
8433,弘帆,居家生活,上櫃
8435,鉅邁,其他業,上櫃
8436,大江,生技醫療業,上櫃
8437,大地-KY,其他業,上櫃
8440,綠電,綠能環保,上櫃
8444,綠河-KY,其他業,上櫃
8446,華研,文化創意業,上櫃
8450,霹靂,文化創意業,上櫃
8455,大拓-KY,其他電子業,上櫃
8472,夠麻吉,數位雲端,上櫃
8477,創業家,數位雲端,上櫃
8489,三貝德,其他業,上櫃
8905,裕國,其他業,上櫃
8906,花王,其他業,上櫃
8908,欣雄,油電燃氣業,上櫃
8916,光隆,其他業,上櫃
8917,欣泰,油電燃氣業,上櫃
8921,沈氏,其他業,上櫃
8923,時報,文化創意業,上櫃
8924,大田,運動休閒,上櫃
8927,北基,油電燃氣業,上櫃
8928,鉅明,運動休閒,上櫃
8929,富堡,其他業,上櫃
8930,青鋼,鋼鐵工業,上櫃
8931,大汽電,油電燃氣業,上櫃
8932,智通,其他業,上櫃
8933,愛地雅,運動休閒,上櫃
8935,邦泰,其他業,上櫃
8936,國統,其他業,上櫃
8937,合騏,其他業,上櫃
8938,明安,運動休閒,上櫃
8941,關中,居家生活,上櫃
8942,森鉅,其他業,上櫃
9949,琉園,文化創意業,上櫃
9950,萬國通,塑膠工業,上櫃
9951,皇田,電機機械,上櫃
9960,邁達康,運動休閒,上櫃
9962,有益,鋼鐵工業,上櫃
